manuscript_identity,rank_within_manuscript,gene_id,gene_name,ipf_cpm,control_cpm,log2_fc_ipf_vs_control,ipf_group_count,control_group_count
ATI,1,ENSG00000267922,ENSG00000267922,108.72028695465276,0.5263240998542082,6.167625153450167,1,1
ATI,2,ENSG00000259755,ENSG00000259755,51.01490387872168,0.0,5.700853154125112,1,1
ATI,3,ENSG00000145936,KCNMB1,0.0,34.73739059037774,-5.159362392955738,1,1
ATI,4,ENSG00000182132,KCNIP1,4.181549498255876,152.10766485786618,-4.885019110350342,1,1
ATI,5,ENSG00000109321,AREG,569.5270416624503,23.68458449343937,4.530613002503956,1,1
ATI,6,ENSG00000169035,KLK7,21.744057390930553,0.0,4.507417739426381,1,1
ATI,7,ENSG00000140465,CYP1A1,0.8363098996511752,40.00063158891982,-4.480764676947882,1,1
ATI,8,ENSG00000114455,HHLA2,43.48811478186111,1.0526481997084165,4.437861672085459,1,1
ATI,9,ENSG00000159713,TPPP3,214.09533431070085,8.94750969752154,4.4344970206398955,1,1
ATI,10,ENSG00000145824,CXCL14,30.107156387442306,0.5263240998542082,4.349113277302264,1,1
ATI,11,ENSG00000115457,IGFBP2,56.032763276628735,2.105296399416833,4.198988049118592,1,1
ATI,12,ENSG00000109654,TRIM2,87.81253946337338,4.210592798833666,4.091243965895223,1,1
ATI,13,ENSG00000275896,PRSS2,15.053578193721153,0.0,4.004822991424107,1,1
ATI,14,ENSG00000179862,CITED4,0.0,14.210750696063622,-3.9270194510242287,1,1
ATI,15,ENSG00000131435,PDLIM4,76.10420086825694,4.736916898687874,3.7484619393416225,1,1
ATII,1,ENSG00000259755,ENSG00000259755,89.23069714969779,2.004072904871453,4.908626601811192,2,3
ATII,2,ENSG00000168542,COL3A1,22.373478636354903,0.15718218861736888,4.336184536369732,2,3
ATII,3,ENSG00000244694,PTCHD4,45.7998268555971,1.3360486032476355,4.324360996310065,2,3
ATII,4,ENSG00000117983,MUC5B,24.742435197851304,0.35365992438908,4.249211290988523,2,3
ATII,5,ENSG00000142173,COL6A2,23.952783010685838,0.5894332073151333,3.9726164333141143,2,3
ATII,6,ENSG00000102109,PCSK1N,47.905566021371676,2.2398461877975064,3.916001442295593,2,3
ATII,7,ENSG00000175147,TMEM51-AS1,24.742435197851304,0.70731984877816,3.9143432740729476,2,3
ATII,8,ENSG00000185666,SYN3,367.71470182338584,24.520421424309546,3.8527808844495057,2,3
ATII,9,ENSG00000200488,RN7SKP203,36.060783213889664,1.7290040747910578,3.7634469166119056,2,3
ATII,10,ENSG00000100234,TIMP3,78.17556652938124,4.872647847138436,3.752972250839124,2,3
ATII,11,ENSG00000182667,NTM,350.0791363100238,25.345627914550732,3.7361607932391383,2,3
ATII,12,ENSG00000164692,COL1A2,18.162000304805744,0.5501376601607911,3.6277799256279577,2,3
ATII,13,ENSG00000064655,EYA2,46.32626164704074,2.9078704894213243,3.5981864056112887,2,3
ATII,14,ENSG00000183049,CAMK1D,1156.8404541974094,96.78493264114489,3.565680477001659,2,3
ATII,15,ENSG00000125144,MT1G,18.95165249197121,233.02259462524938,-3.5520676796976662,2,3
B,1,ENSG00000263574,ENSG00000263574,0.062444248993945094,11.511530755011373,-3.557799266538488,1,1
B,2,ENSG00000161055,SCGB3A1,70.31222436718218,6.676687837906596,3.215593516003956,1,1
B,3,ENSG00000181617,FDCSP,7.992863871224972,0.0,3.168780630183977,1,1
B,4,ENSG00000118785,SPP1,73.62176956386126,7.827840913407733,3.079464036160625,1,1
B,5,ENSG00000205358,MT1H,0.37466549396367055,10.360377679510234,-3.0468582921530674,1,1
B,6,ENSG00000262902,MTCO1P40,221.23997418554745,28.318365657327977,2.9222417485903716,1,1
B,7,ENSG00000244734,HBB,5.120428417503498,0.0,2.6136326421622407,1,1
B,8,ENSG00000229021,ENSG00000229021,2.497769959757804,19.569602283519334,-2.556006584622678,1,1
B,9,ENSG00000167114,SLC27A4,44.5851937816768,264.07451551996087,-2.539760761422153,1,1
B,10,ENSG00000138207,RBP4,1.5611062248486274,13.353375675813192,-2.4865510780051485,1,1
B,11,ENSG00000137673,MMP7,4.371097429576157,0.0,2.4252168916463956,1,1
B,12,ENSG00000228502,EEF1A1P11,96.97591868759673,17.72775736271751,2.38724904747097,1,1
B,13,ENSG00000073008,PVR,0.37466549396367055,5.985995992605914,-2.3453852139087235,1,1
B,14,ENSG00000168484,SFTPC,9.241748851103873,50.19027409184958,-2.321407644315671,1,1
B,15,ENSG00000115963,RND3,1.7484389718304627,12.66268383051251,-2.3135565571123116,1,1
B_Plasma,1,ENSG00000156738,MS4A1,173.3419169311467,0.0,7.445775667318213,2,2
B_Plasma,2,ENSG00000211891,IGHE,119.23519141506621,0.0,6.909715407365538,2,2
B_Plasma,3,ENSG00000253692,IGHEP1,92.18182865702599,0.0,6.541976737938755,2,2
B_Plasma,4,ENSG00000012124,CD22,75.64921808266806,0.0,6.260199169563183,2,2
B_Plasma,5,ENSG00000100721,TCL1A,186.86859831016682,1.7909584358843595,6.072819495054801,2,2
B_Plasma,6,ENSG00000211668,IGLV2-11,0.0,37.16238754460046,-5.254079528049552,2,2
B_Plasma,7,ENSG00000259755,ENSG00000259755,65.12846589898575,0.8954792179421798,5.1246368891883645,2,2
B_Plasma,8,ENSG00000242076,IGKV1-33,348.68778665918524,9.402531788392889,5.071060806613408,2,2
B_Plasma,9,ENSG00000197826,CFAP299,63.12451310209388,1.3432188269132697,4.774312371346641,2,2
B_Plasma,10,ENSG00000127074,RGS13,166.32808214202515,5.372875307653079,4.714591345306029,2,2
B_Plasma,11,ENSG00000175130,MARCKSL1,180.8567399194912,6.716094134566348,4.558787841245678,2,2
B_Plasma,12,ENSG00000245869,ENSG00000245869,19.538539769695724,0.0,4.360261708777857,2,2
B_Plasma,13,ENSG00000211945,IGHV1-18,5.009881992229673,118.20325676836774,-4.309943179180136,2,2
B_Plasma,14,ENSG00000160307,S100B,1.502964597668902,48.35587776887771,-4.301512114230434,2,2
B_Plasma,15,ENSG00000174500,GCSAM,27.053362758040233,0.4477396089710899,4.276299669973235,2,2
Basal,1,ENSG00000167656,LY6D,110.52690519232371,0.0,6.801247983374132,1,1
Basal,2,ENSG00000118785,SPP1,55.30399804927716,0.0,5.815165464103594,1,1
Basal,3,ENSG00000145824,CXCL14,95.03854210227688,1.2390913495315614,5.422628210148252,1,1
Basal,4,ENSG00000169469,SPRR1B,29.517089867942648,0.0,4.93154548716256,1,1
Basal,5,ENSG00000105388,CEACAM5,23.84072643179983,0.0,4.634635458632193,1,1
Basal,6,ENSG00000047936,ROS1,23.516362806877385,0.0,4.615673054760067,1,1
Basal,7,ENSG00000124882,EREG,91.30836041566874,3.7172740485946845,4.290435998077905,1,1
Basal,8,ENSG00000149090,PAMR1,17.596726652042733,0.0,4.216976799099336,1,1
Basal,9,ENSG00000115461,IGFBP5,13.785454059203984,260.2091834016279,-4.14295516478223,1,1
Basal,10,ENSG00000125999,BPIFB1,142.80108587210717,7.434548097189369,4.0916199852340345,1,1
Basal,11,ENSG00000104140,RHOV,36.97745324115892,1.2390913495315614,4.084157868965153,1,1
Basal,12,ENSG00000188293,IGFL1,15.812726714969276,0.0,4.071481817031364,1,1
Basal,13,ENSG00000161055,SCGB3A1,2042.679927949108,126.38731765221928,4.003875706577888,1,1
Basal,14,ENSG00000147889,CDKN2A,14.839635840201936,0.0,3.9854672625287506,1,1
Basal,15,ENSG00000114115,RBP1,33.89599880439568,1.2390913495315614,3.9620763326767294,1,1
Ciliated,1,ENSG00000171711,DEFB4A,0.30265172771367055,42.74694143910336,-5.069658827854284,5,6
Ciliated,2,ENSG00000140465,CYP1A1,0.015929038300719504,18.270870131229664,-4.245550174802742,5,6
Ciliated,3,ENSG00000138061,CYP1B1,2.0229878641913768,55.50207719109388,-4.224256814054836,5,6
Ciliated,4,ENSG00000164266,SPINK1,0.7168067235323776,30.451450218716104,-4.195327004596325,5,6
Ciliated,5,ENSG00000122852,SFTPA1,2.7079365111223157,59.638877975523236,-4.03155461216995,5,6
Ciliated,6,ENSG00000185303,SFTPA2,4.985788988125204,79.97814849896758,-3.7579193305588166,5,6
Ciliated,7,ENSG00000263574,ENSG00000263574,0.5415873022244632,18.38578126413048,-3.6525103794568663,5,6
Ciliated,8,ENSG00000125144,MT1G,4.205266111389949,62.052011766440366,-3.5984985764445625,5,6
Ciliated,9,ENSG00000173432,SAA1,209.4987117310629,2251.6836491914796,-3.4197614169842616,5,6
Ciliated,10,ENSG00000168484,SFTPC,8.633538758989971,101.35161921851926,-3.409324264715672,5,6
Ciliated,11,ENSG00000124102,PI3,0.19114845960863405,10.916557625577472,-3.322542399204237,5,6
Ciliated,12,ENSG00000108342,CSF3,1.0513165278474872,18.500692397031294,-3.2489033208380613,5,6
Ciliated,13,ENSG00000198183,BPIFA1,1.2583940257568407,20.454181656345156,-3.247889749704596,5,6
Ciliated,14,ENSG00000255071,SAA2-SAA4,154.62317478508422,1271.6065966804242,-3.031657683221801,5,6
Ciliated,15,ENSG00000148346,LCN2,101.34054166917748,817.8225328551039,-3.0001730294713287,5,6
Club,1,ENSG00000019186,CYP24A1,74.17964246045265,2.23614429093728,4.537994214032617,2,2
Club,2,ENSG00000230916,MTCO1P53,15.253663680007758,0.0,4.022693042396628,2,2
Club,3,ENSG00000138311,ZNF365,4.493817930624692,84.2281016253042,-3.9554481936609394,2,2
Club,4,ENSG00000244694,PTCHD4,83.4837443731545,4.47228858187456,3.9484575592132973,2,2
Club,5,ENSG00000250424,ENSG00000250424,24.557765592709583,0.7453814303124267,3.872147454916944,2,2
Club,6,ENSG00000142748,FCN3,1.7722098881336814,39.50521580655861,-3.86899929870576,2,2
Club,7,ENSG00000197467,COL13A1,12.532055637516747,0.0,3.7583091088348635,2,2
Club,8,ENSG00000187908,DMBT1,65.00212696833181,4.47228858187456,3.5922962990965983,2,2
Club,9,ENSG00000145824,CXCL14,28.48194463071988,1.4907628606248533,3.5651721100163454,2,2
Club,10,ENSG00000143341,HMCN1,138.5488373258796,11.180721454686399,3.5180986138066253,2,2
Club,11,ENSG00000138271,GPR87,10.380086487640133,0.0,3.5084396169268817,2,2
Club,12,ENSG00000275896,PRSS2,10.253500067059157,0.0,3.4923018735789646,2,2
Club,13,ENSG00000170373,CST1,0.06329321029048862,10.435340024373973,-3.426887874481073,2,2
Club,14,ENSG00000166105,GLB1L3,9.493981543573293,0.0,3.391490252624261,2,2
Club,15,ENSG00000137673,MMP7,705.1496558463338,66.33894729780597,3.390460896461735,2,2
DC_Langerhans,1,ENSG00000161055,SCGB3A1,77.4920550773788,0.0,6.294474727483474,1,1
DC_Langerhans,2,ENSG00000105374,NKG7,59.60927313644523,0.0,5.921466635854225,1,1
DC_Langerhans,3,ENSG00000165646,SLC18A2,52.4561603600718,0.0,5.740284310537544,1,1
DC_Langerhans,4,ENSG00000136867,SLC31A2,51.66137005158586,0.0,5.718673150280397,1,1
DC_Langerhans,5,ENSG00000118785,SPP1,45.700442737941344,0.0,5.545364322184284,1,1
DC_Langerhans,6,ENSG00000176320,ENSG00000176320,43.316071812483536,0.0,5.469758101098195,1,1
DC_Langerhans,7,ENSG00000134121,CHL1,42.12388634975463,0.0,5.430415295354074,1,1
DC_Langerhans,8,ENSG00000124749,COL21A1,40.93170088702573,0.0,5.389969446691224,1,1
DC_Langerhans,9,ENSG00000254788,CKLF-CMTM1,39.342120270053854,0.0,5.334215004884516,1,1
DC_Langerhans,10,ENSG00000129493,HEATR5A,38.94472511581088,0.0,5.3199330961204705,1,1
DC_Langerhans,11,ENSG00000101335,MYL9,35.76556388186714,0.0,5.2002832069269616,1,1
DC_Langerhans,12,ENSG00000118492,ADGB,35.368168727624166,0.0,5.184604377455969,1,1
DC_Langerhans,13,ENSG00000182541,LIMK2,34.57337841913823,0.0,5.15272608916582,1,1
DC_Langerhans,14,ENSG00000124785,NRN1,34.175983264895265,0.0,5.136518846183197,1,1
DC_Langerhans,15,ENSG00000155974,GRIP1,33.38119295640933,0.0,5.103547699111032,1,1
DC_Mature,1,ENSG00000263574,ENSG00000263574,0.0,23.425576043924757,-4.610320681478724,1,1
DC_Mature,2,ENSG00000073756,PTGS2,0.35292639508274715,19.821641267936332,-3.9439285358482863,1,1
DC_Mature,3,ENSG00000106952,TNFSF8,11.999497432813403,0.0,3.700383943894703,1,1
DC_Mature,4,ENSG00000136244,IL6,0.7058527901654943,18.920657573939227,-3.545700214042601,1,1
DC_Mature,5,ENSG00000167414,GNG8,0.0,9.910820633968166,-3.4476877098423717,1,1
DC_Mature,6,ENSG00000142798,HSPG2,16.587540568889114,0.9009836939971061,3.2097356891102424,1,1
DC_Mature,7,ENSG00000130876,SLC7A10,7.0585279016549425,0.0,3.0105163172950826,1,1
DC_Mature,8,ENSG00000144935,TRPC1,7.0585279016549425,0.0,3.0105163172950826,1,1
DC_Mature,9,ENSG00000158485,CD1B,28.23411160661977,2.7029510819913183,2.9809053540663806,1,1
DC_Mature,10,ENSG00000242265,PEG10,6.7056015065721954,0.0,2.9459075792809575,1,1
DC_Mature,11,ENSG00000173918,C1QTNF1,1.4117055803309886,17.118690185945013,-2.9093529659228934,1,1
DC_Mature,12,ENSG00000182566,CLEC4G,13.058276618061644,0.9009836939971061,2.88660168534607,1,1
DC_Mature,13,ENSG00000174944,P2RY14,6.352675111489448,0.0,2.8782692387817113,1,1
DC_Mature,14,ENSG00000178694,NSUN3,6.352675111489448,0.0,2.8782692387817113,1,1
DC_Mature,15,ENSG00000243193,ENSG00000243193,6.352675111489448,0.0,2.8782692387817113,1,1
Fibroblast,1,ENSG00000133110,POSTN,88.9356573100681,0.7681116895845591,5.668611906696006,1,1
Fibroblast,2,ENSG00000182351,CRIP1P4,61.92492545124858,1.8434680550029419,4.467908100681561,1,1
Fibroblast,3,ENSG00000127507,ADGRE2,4.776817531302485,101.85161003891254,-4.154145641861863,1,1
Fibroblast,4,ENSG00000255071,SAA2-SAA4,6.7743957716653425,134.72679035313166,-4.125831151240428,1,1
Fibroblast,5,ENSG00000263574,ENSG00000263574,5.992734721088572,120.43991292685887,-4.118242075594559,1,1
Fibroblast,6,ENSG00000144278,GALNT13,76.16852681731417,4.147803123756619,3.905983780025447,1,1
Fibroblast,7,ENSG00000259755,ENSG00000259755,33.958830086168575,1.5362233791691182,3.7849031828841175,1,1
Fibroblast,8,ENSG00000171889,MIR31HG,40.73322585783392,2.3043350687536774,3.658764548499685,1,1
Fibroblast,9,ENSG00000136999,NOV,29.44256623839168,1.5362233791691182,3.5853362575566914,1,1
Fibroblast,10,ENSG00000173432,SAA1,28.052946592921867,339.04449978262437,-3.5489671599733468,1,1
Fibroblast,11,ENSG00000225217,HSPA7,35.86955709868957,2.457957406670589,3.4144380821048865,1,1
Fibroblast,12,ENSG00000108342,CSF3,9.379932606921244,108.30374823142283,-3.396473892637272,1,1
Fibroblast,13,ENSG00000159713,TPPP3,235.36682745144972,21.81437198420148,3.373012730759516,1,1
Fibroblast,14,ENSG00000257017,HP,11.290659619442238,121.82251396811108,-3.3209407880470763,1,1
Fibroblast,15,ENSG00000138653,NDST4,64.44361105866263,5.684026502925738,3.291462996774361,1,1
Goblet,1,ENSG00000140465,CYP1A1,0.0,60.520835187525584,-5.943003183894555,3,3
Goblet,2,ENSG00000168484,SFTPC,8.817919216246134,302.60417593762793,-4.950630528303327,3,3
Goblet,3,ENSG00000117399,CDC20,0.7169040013208239,50.55269762722725,-4.908166642187781,3,3
Goblet,4,ENSG00000259755,ENSG00000259755,45.5950944840044,0.7120098257355951,4.766415189488798,3,3
Goblet,5,ENSG00000134057,CCNB1,1.3621176025095654,52.688727104434044,-4.50646650178089,3,3
Goblet,6,ENSG00000182351,CRIP1P4,20.145002437115153,0.0,4.402244821535171,3,3
Goblet,7,ENSG00000263574,ENSG00000263574,2.1507120039624716,58.3848057103188,-4.236344054451178,3,3
Goblet,8,ENSG00000143333,RGS16,0.8602848015849888,33.464461809572974,-4.211514072895438,3,3
Goblet,9,ENSG00000138061,CYP1B1,8.746228816114051,168.74632869933606,-4.122392468087138,3,3
Goblet,10,ENSG00000169679,BUB1,0.2150712003962472,16.376225991918687,-3.838002011742669,3,3
Goblet,11,ENSG00000072571,HMMR,1.4338080026416478,32.752451983837375,-3.79370504527891,3,3
Goblet,12,ENSG00000024526,DEPDC1,0.07169040013208239,13.528186688976309,-3.7608945547015167,3,3
Goblet,13,ENSG00000164611,PTTG1,3.441139206339955,54.112746755905235,-3.63338433320075,3,3
Goblet,14,ENSG00000117724,CENPF,2.1507120039624716,36.31250111251535,-3.5659092758227375,3,3
Goblet,15,ENSG00000087586,AURKA,1.290427202377483,25.632353726481426,-3.539491322446257,3,3
ILC_A,1,ENSG00000223609,HBD,0.0,54.37067753113627,-5.791050270084731,1,1
ILC_A,2,ENSG00000133063,CHIT1,23.352931479751636,0.0,4.606023541804567,1,1
ILC_A,3,ENSG00000140400,MAN2C1,16.484422221001154,0.0,4.127998217335984,1,1
ILC_A,4,ENSG00000233005,ENSG00000233005,16.484422221001154,0.0,4.127998217335984,1,1
ILC_A,5,ENSG00000188536,HBA2,1.373701851750096,38.66359291103024,-4.062604727343029,1,1
ILC_A,6,ENSG00000171295,ZNF440,0.0,15.707084620106034,-4.062388100514648,1,1
ILC_A,7,ENSG00000129538,RNASE1,0.0,15.707084620106034,-4.062388100514648,1,1
ILC_A,8,ENSG00000086289,EPDR1,0.0,14.49884734163634,-3.9540890203004064,1,1
ILC_A,9,ENSG00000106366,SERPINE1,32.96884444200231,1.208237278469695,3.943245035859202,1,1
ILC_A,10,ENSG00000163736,PPBP,31.595142590252212,1.208237278469695,3.883689881103173,1,1
ILC_A,11,ENSG00000255171,LINC01499,13.737018517500962,0.0,3.881372773655698,1,1
ILC_A,12,ENSG00000272980,ENSG00000272980,13.737018517500962,0.0,3.881372773655698,1,1
ILC_A,13,ENSG00000206172,HBA1,1.373701851750096,33.83064379715146,-3.875146497321342,1,1
ILC_A,14,ENSG00000182348,ZNF804B,0.0,13.290610063166644,-3.8369956009864863,1,1
ILC_A,15,ENSG00000117090,SLAMF1,30.221440738502114,1.208237278469695,3.8215700078309025,1,1
ILC_B,1,ENSG00000053328,METTL24,36.39091116776412,0.0,5.224615723109328,1,1
ILC_B,2,ENSG00000227036,LINC00511,0.0,30.24071610015725,-4.965355618223369,1,1
ILC_B,3,ENSG00000174514,MFSD4A,0.0,24.74240408194684,-4.68607488796201,1,1
ILC_B,4,ENSG00000121005,CRISPLD1,24.26060744517608,0.0,4.658817427108873,1,1
ILC_B,5,ENSG00000109066,TMEM104,22.238890158078075,0.0,4.538469265106978,1,1
ILC_B,6,ENSG00000136827,TOR1A,22.238890158078075,0.0,4.538469265106978,1,1
ILC_B,7,ENSG00000015532,XYLT2,0.0,21.993248072841638,-4.523138373365816,1,1
ILC_B,8,ENSG00000122852,SFTPA1,0.0,21.993248072841638,-4.523138373365816,1,1
ILC_B,9,ENSG00000177103,DSCAML1,0.0,21.993248072841638,-4.523138373365816,1,1
ILC_B,10,ENSG00000237541,HLA-DQA2,20.217172870980068,0.0,4.407160528861923,1,1
ILC_B,11,ENSG00000094880,CDC23,20.217172870980068,0.0,4.407160528861923,1,1
ILC_B,12,ENSG00000124733,MEA1,20.217172870980068,0.0,4.407160528861923,1,1
ILC_B,13,ENSG00000146592,CREB5,20.217172870980068,0.0,4.407160528861923,1,1
ILC_B,14,ENSG00000237649,KIFC1,20.217172870980068,0.0,4.407160528861923,1,1
ILC_B,15,ENSG00000141179,PCTP,20.217172870980068,0.0,4.407160528861923,1,1
Ionocyte,1,ENSG00000262902,MTCO1P40,1406.3185804244038,0.0,10.458733238945202,1,1
Ionocyte,2,ENSG00000247627,MTND4P12,1339.1377565187793,0.0,10.388165591637366,1,1
Ionocyte,3,ENSG00000159713,TPPP3,783.7762788989511,0.0,9.616137624257393,1,1
Ionocyte,4,ENSG00000213885,RPL13AP7,703.1592902122019,0.0,9.459758012393719,1,1
Ionocyte,5,ENSG00000105193,RPS16,644.935909493994,0.0,9.335247215928945,1,1
Ionocyte,6,ENSG00000233913,RPL10P9,613.584858338036,0.0,9.263468413149267,1,1
Ionocyte,7,ENSG00000148303,RPL7A,595.6699719632028,0.0,9.220789363366295,1,1
Ionocyte,8,ENSG00000008988,RPS20,532.9678696512867,0.0,9.06060912328052,1,1
Ionocyte,9,ENSG00000160188,RSPH1,488.1806537142038,0.0,8.934223538565448,1,1
Ionocyte,10,ENSG00000085871,MGST2,456.82960255824577,0.0,8.838666938127584,1,1
Ionocyte,11,ENSG00000236383,CCDC200,447.8721593708292,0.0,8.810160807785326,1,1
Ionocyte,12,ENSG00000164972,C9orf24,438.9147161834126,0.0,8.78108005337719,1,1
Ionocyte,13,ENSG00000136810,TXN,403.0849434337463,0.0,8.658514786190546,1,1
Ionocyte,14,ENSG00000178568,ERBB4,394.1275002463297,0.0,8.626174448867658,1,1
Ionocyte,15,ENSG00000153815,CMIP,389.6487786526214,0.0,8.609728293445112,1,1
Lymphatic,1,ENSG00000259755,ENSG00000259755,69.48617608467922,0.6413038134062424,5.42442612186575,1,1
Lymphatic,2,ENSG00000188536,HBA2,63.73559599491265,0.6413038134062424,5.301645002765529,1,1
Lymphatic,3,ENSG00000182351,CRIP1P4,24.43996538150786,0.4275358756041616,4.155497799688641,1,1
Lymphatic,4,ENSG00000164692,COL1A2,14.616057728156662,0.0,3.964958386146918,1,1
Lymphatic,5,ENSG00000206172,HBA1,26.356825411430044,0.8550717512083232,3.882353930021614,1,1
Lymphatic,6,ENSG00000251062,ENSG00000251062,36.899555576002065,1.7101435024166465,3.8057397813417326,1,1
Lymphatic,7,ENSG00000159713,TPPP3,122.67904191501984,8.978253387687394,3.631669932696725,1,1
Lymphatic,8,ENSG00000256673,ENSG00000256673,13.897235216935842,0.4275358756041616,3.3834456975283698,1,1
Lymphatic,9,ENSG00000161055,SCGB3A1,275.0694142938336,26.07968841185386,3.3497480167435114,1,1
Lymphatic,10,ENSG00000260423,LINC02367,17.012132765559393,0.8550717512083232,3.2794221226122366,1,1
Lymphatic,11,ENSG00000107317,PTGDS,11.50116017953311,0.4275358756041616,3.130463083766794,1,1
Lymphatic,12,ENSG00000101443,WFDC2,29.95093796753414,2.5652152536249697,3.117922042301764,1,1
Lymphatic,13,ENSG00000125999,BPIFB1,11.50116017953311,0.8550717512083232,2.7525150973197916,1,1
Lymphatic,14,ENSG00000078401,EDN1,43.60856568072971,5.985502258458263,2.674885006810095,1,1
Lymphatic,15,ENSG00000177359,ENSG00000177359,25.15878789272868,3.2065190670312123,2.6365969041532344,1,1
Macrophage,1,ENSG00000197632,SERPINB2,1.6425671178165624,85.68929802334095,-5.035841880904372,12,11
Macrophage,2,ENSG00000137673,MMP7,113.29838118423048,5.522969410865123,4.131132297391826,12,11
Macrophage,3,ENSG00000143387,CTSK,173.9549619333779,9.425507698738034,4.068794035234824,12,11
Macrophage,4,ENSG00000133063,CHIT1,252.8929056766252,17.38812618921921,3.7873737065282835,12,11
Macrophage,5,ENSG00000263574,ENSG00000263574,3.302356433460821,57.916909054279984,-3.775482788059306,12,11
Macrophage,6,ENSG00000163736,PPBP,117.65559723463772,8.700814890955405,3.612530404757495,12,11
Macrophage,7,ENSG00000133048,CHI3L1,159.35053817549118,12.639362759339255,3.555381048505843,12,11
Macrophage,8,ENSG00000168484,SFTPC,9.16651479379151,113.74976363648942,-3.4965940864822014,12,11
Macrophage,9,ENSG00000100234,TIMP3,29.120583751906473,1.7914766304191678,3.431649347048401,12,11
Macrophage,10,ENSG00000182351,CRIP1P4,38.971680909348926,3.6099604462215393,3.1161519655783776,12,11
Macrophage,11,ENSG00000122852,SFTPA1,1.6102754968896313,19.427168685651075,-2.968215266084788,12,11
Macrophage,12,ENSG00000156427,FGF18,3.0224957187607515,30.401088346359447,-2.9646517725207238,12,11
Macrophage,13,ENSG00000143320,CRABP2,14.621645955714406,1.0082682543062653,2.959522574123067,12,11
Macrophage,14,ENSG00000137976,DNASE2B,21.870038466446207,2.111061657453743,2.877979899576996,12,11
Macrophage,15,ENSG00000102962,CCL22,20.31788788722505,1.9130089646435837,2.871482460832499,12,11
Macrophage_Alveolar,1,ENSG00000163736,PPBP,280.442583145748,1.8794972295331935,6.610879885183547,9,9
Macrophage_Alveolar,2,ENSG00000156427,FGF18,1.7901300125470323,26.367047464674297,-3.2940355413225966,9,9
Macrophage_Alveolar,3,ENSG00000118785,SPP1,56.935770709622176,5.787228879425949,3.0935598025095232,9,9
Macrophage_Alveolar,4,ENSG00000173432,SAA1,3.850817977300966,26.249860587053522,-2.4899488991474827,9,9
Macrophage_Alveolar,5,ENSG00000163006,CCDC138,9.436171867380423,55.956734063919896,-2.4482738152184815,9,9
Macrophage_Alveolar,6,ENSG00000161055,SCGB3A1,91.71173325150376,17.086748194629106,2.357818882497617,9,9
Macrophage_Alveolar,7,ENSG00000211899,IGHM,0.38174615174398413,5.73314262821636,-2.28478743121866,9,9
Macrophage_Alveolar,8,ENSG00000164532,TBX20,0.6634229239045938,7.0312126572464795,-2.2714628218204935,9,9
Macrophage_Alveolar,9,ENSG00000168484,SFTPC,14.132020161163219,67.481612759163,-2.1781120742918456,9,9
Macrophage_Alveolar,10,ENSG00000122852,SFTPA1,1.7456547327321992,10.474703984256935,-2.0632348140832133,9,9
Macrophage_Alveolar,11,ENSG00000073008,PVR,15.84061216071639,68.62193122216516,-2.0475972514031513,9,9
Macrophage_Alveolar,12,ENSG00000187134,AKR1C1,21.85960002899047,93.32582646214462,-2.0448526745139537,9,9
Macrophage_Alveolar,13,ENSG00000254709,IGLL5,1.50474696706852,9.104518953614031,-2.0122638680039007,9,9
Macrophage_Alveolar,14,ENSG00000149021,SCGB1A1,124.79022261378589,30.24773598896226,2.0091962189691115,9,9
Macrophage_Alveolar,15,ENSG00000156222,SLC28A1,1.8383115656797682,10.26737335462018,-1.9890463642558684,9,9
Mast,1,ENSG00000133063,CHIT1,105.67843404221854,0.0,6.7371247422723854,1,1
Mast,2,ENSG00000263574,ENSG00000263574,0.6144095002454566,65.88145729783542,-5.372527808567311,1,1
Mast,3,ENSG00000142910,TINAGL1,36.8645700147274,0.0,5.242776640627684,1,1
Mast,4,ENSG00000225217,HSPA7,33.17811301325466,0.0,5.095000842352871,1,1
Mast,5,ENSG00000225173,ENSG00000225173,0.0,31.72070166192076,-5.03213178061567,1,1
Mast,6,ENSG00000090382,LYZ,31.334884512518286,0.0,5.015019552543457,1,1
Mast,7,ENSG00000005961,ITGA2B,30.72047501227283,0.0,4.9873424703655465,1,1
Mast,8,ENSG00000143333,RGS16,94.00465353755486,2.440053973993905,4.787495075647879,1,1
Mast,9,ENSG00000089639,GMIP,25.19078951006372,0.0,4.710987644651695,1,1
Mast,10,ENSG00000236481,LINC02195,22.733151509081893,0.0,4.568831782635238,1,1
Mast,11,ENSG00000247708,STX18-AS1,20.27551350810007,0.0,4.411122048262709,1,1
Mast,12,ENSG00000109118,PHF12,20.27551350810007,0.0,4.411122048262709,1,1
Mast,13,ENSG00000158411,MITD1,19.66110400785461,0.0,4.3688454402860115,1,1
Mast,14,ENSG00000063601,MTMR1,19.66110400785461,0.0,4.3688454402860115,1,1
Mast,15,ENSG00000149257,SERPINH1,19.046694507609153,0.0,4.32529246570109,1,1
Mesothelial,1,ENSG00000147432,CHRNB3,3.649398254776657,140.37841284445565,-4.926374032284808,1,1
Mesothelial,2,ENSG00000263574,ENSG00000263574,24.734810393486228,0.0,4.685649248118236,1,1
Mesothelial,3,ENSG00000201822,RNA5SP149,22.707366918610308,0.0,4.567263532299846,1,1
Mesothelial,4,ENSG00000258399,ENSG00000258399,22.301878223635125,0.0,4.542374341385575,1,1
Mesothelial,5,ENSG00000127507,ADGRE2,4.0548869497518405,115.0088201617227,-4.520411860269416,1,1
Mesothelial,6,ENSG00000234248,ENSG00000234248,0.0,20.295674146186357,-4.412488496152245,1,1
Mesothelial,7,ENSG00000282882,ENSG00000282882,0.4054886949751841,28.752205040430674,-4.403852840996334,1,1
Mesothelial,8,ENSG00000074706,IPCEF1,17.030525188957732,0.0,4.172369514756334,1,1
Mesothelial,9,ENSG00000041982,TNC,63.661725111103905,1116.2620780402497,-4.110911833030466,1,1
Mesothelial,10,ENSG00000225840,ENSG00000225840,0.0,15.221755609639768,-4.01985805946466,1,1
Mesothelial,11,ENSG00000152093,CFC1B,3.2439095598014727,67.65224715395453,-4.0158411270238155,1,1
Mesothelial,12,ENSG00000140022,STON2,15.003081714081812,0.0,4.000277846594695,1,1
Mesothelial,13,ENSG00000058085,LAMC2,85.55811463976384,1305.6883700713224,-3.9161022304628936,1,1
Mesothelial,14,ENSG00000178460,MCMDC2,1.2164660849255522,32.1348173981284,-3.9020147764181257,1,1
Mesothelial,15,ENSG00000148926,ADM,64.47270250105427,3.3826123576977265,3.9010305467698663,1,1
Multiplet,1,ENSG00000168484,SFTPC,421.99251643943825,13837.928135529259,-5.031956256740177,20,19
Multiplet,2,ENSG00000163736,PPBP,44.901499332782755,0.4535724385800552,4.980866403909911,20,19
Multiplet,3,ENSG00000164161,HHIP,1.0537066459623508,57.490306590021994,-4.831895526193911,20,19
Multiplet,4,ENSG00000133661,SFTPD,11.114905588054475,290.1729675815903,-4.587021355376622,20,19
Multiplet,5,ENSG00000122852,SFTPA1,84.19456006608848,1881.985440778294,-4.466116721978923,20,19
Multiplet,6,ENSG00000096088,PGC,9.0414828330963,180.29504433557193,-4.17429525587314,20,19
Multiplet,7,ENSG00000185633,NDUFA4L2,29.775710382678042,0.9071448771601104,4.012305810276725,20,19
Multiplet,8,ENSG00000183607,GKN2,2.243375439790811,49.55278891487103,-3.9622227464426216,20,19
Multiplet,9,ENSG00000185303,SFTPA2,98.77650042472875,1536.023063251357,-3.945294933870536,20,19
Multiplet,10,ENSG00000131400,NAPSA,29.29984286514666,409.8026982570799,-3.7610634406568018,20,19
Multiplet,11,ENSG00000263574,ENSG00000263574,1.6655363113598447,34.698291551374226,-3.743357290918823,20,19
Multiplet,12,ENSG00000133063,CHIT1,48.16459088156939,2.721434631480331,3.723688837937673,20,19
Multiplet,13,ENSG00000196260,SFTA2,21.82192473251062,283.2559878932445,-3.638698365583931,20,19
Multiplet,14,ENSG00000170890,PLA2G1B,0.8837539611297136,18.48307687213725,-3.3705390829454633,20,19
Multiplet,15,ENSG00000064886,CHI3L2,4.316798194748985,53.4081546428015,-3.3551932840441525,20,19
Myofibroblast,1,ENSG00000225217,HSPA7,68.60214564253549,0.0,6.121059875963263,1,1
Myofibroblast,2,ENSG00000196611,MMP1,38.89858849507762,0.0,5.31826580356125,1,1
Myofibroblast,3,ENSG00000273112,ENSG00000273112,135.35627027893173,3.592208858207434,4.892048974500734,1,1
Myofibroblast,4,ENSG00000263574,ENSG00000263574,2.7945683507471752,110.46042238987859,-4.876451933633003,1,1
Myofibroblast,5,ENSG00000142973,CYP4B1,2.253684153828367,94.29548252794514,-4.872261709341149,1,1
Myofibroblast,6,ENSG00000259755,ENSG00000259755,52.87143024881349,0.8980522145518585,4.826928782329275,1,1
Myofibroblast,7,ENSG00000173432,SAA1,8.023115587628986,229.90136692527577,-4.677507236557316,1,1
Myofibroblast,8,ENSG00000154198,CYP4Z2P,5.138399870728677,144.5864065428492,-4.567869216994049,1,1
Myofibroblast,9,ENSG00000226868,ENSG00000226868,0.2253684153828367,27.839618651107614,-4.556764612141053,1,1
Myofibroblast,10,ENSG00000169429,CXCL8,36.46460960894298,794.7762098783948,-4.408762446195541,1,1
Myofibroblast,11,ENSG00000170373,CST1,19.426757406000526,0.0,4.352388300154413,1,1
Myofibroblast,12,ENSG00000145423,SFRP2,1012.0844798012431,50.29092401490407,4.303907111447921,1,1
Myofibroblast,13,ENSG00000125869,LAMP5,15.505346978339166,0.0,4.044861562358292,1,1
Myofibroblast,14,ENSG00000187094,CCK,0.27044209845940403,19.757148720140886,-4.030205753420674,1,1
Myofibroblast,15,ENSG00000120907,ADRA1A,2.7044209845940403,59.27144616042266,-4.024154714988533,1,1
NK,1,ENSG00000102970,CCL17,40.212309421859814,2.6237843132681857,3.5075063162486018,1,1
NK,2,ENSG00000211899,IGHM,0.19286479339021495,7.288289759078293,-2.7966439122083084,1,1
NK,3,ENSG00000244734,HBB,5.400214214926018,0.0,2.6781201928688096,1,1
NK,4,ENSG00000165949,IFI27,8.486050909169458,57.431723301536955,-2.622872322570982,1,1
NK,5,ENSG00000231079,ENSG00000231079,3.5679986777189767,26.092077337500292,-2.5682368810155283,1,1
NK,6,ENSG00000163736,PPBP,5.593079008316233,0.14576579518156588,2.5246401956251794,1,1
NK,7,ENSG00000225217,HSPA7,58.24516760384491,9.766308277164914,2.460173843348678,1,1
NK,8,ENSG00000118785,SPP1,58.148735207149805,9.766308277164914,2.4578236788899446,1,1
NK,9,ENSG00000206652,RNU1-1,51.012737851711854,9.18324509643865,2.3526676021037383,1,1
NK,10,ENSG00000106366,SERPINE1,18.129290578680205,2.7695501084497516,2.34331911660109,1,1
NK,11,ENSG00000200795,RNU4-1,6.943132562047738,0.5830631807262635,2.3269892452761525,1,1
NK,12,ENSG00000122852,SFTPA1,0.9643239669510747,8.16288453016769,-2.2217689523862627,1,1
NK,13,ENSG00000206585,RNVU1-7,75.31370181887894,15.451174289245984,2.2137515428247267,1,1
NK,14,ENSG00000270276,HIST2H4B,4.628755041365158,24.925950976047766,-2.2035091389175214,1,1
NK,15,ENSG00000168484,SFTPC,9.450374876120533,47.082351843645775,-2.2019527684359463,1,1
PNEC,1,ENSG00000127507,ADGRE2,0.0,264.0046200808514,-8.049873701562374,1,1
PNEC,2,ENSG00000132321,IQCA1,0.0,222.7538981932184,-7.805769006699261,1,1
PNEC,3,ENSG00000174013,FBXO45,0.0,189.75332068311195,-7.5755643618613115,1,1
PNEC,4,ENSG00000129518,EAPP,188.52241274411512,0.0,7.566224660032692,1,1
PNEC,5,ENSG00000108018,SORCS1,0.0,173.25303192805873,-7.4450399483620835,1,1
PNEC,6,ENSG00000166796,LDHC,0.0,148.50259879547892,-7.22402675270488,1,1
PNEC,7,ENSG00000261008,LINC01572,145.6764098477253,0.0,7.196493048977092,1,1
PNEC,8,ENSG00000258123,LINC02444,0.0,140.25245441795232,-7.142132125945691,1,1
PNEC,9,ENSG00000144802,NFKBIZ,0.0,132.0023100404257,-7.055307493057013,1,1
PNEC,10,ENSG00000172159,FRMD3,0.0,132.0023100404257,-7.055307493057013,1,1
PNEC,11,ENSG00000047579,DTNBP1,0.0,132.0023100404257,-7.055307493057013,1,1
PNEC,12,ENSG00000263011,ENSG00000263011,0.0,123.7521656628991,-6.9629210503393075,1,1
PNEC,13,ENSG00000202515,VTRNA1-3,0.0,123.7521656628991,-6.9629210503393075,1,1
PNEC,14,ENSG00000132002,DNAJB1,0.0,123.7521656628991,-6.9629210503393075,1,1
PNEC,15,ENSG00000182809,CRIP2,119.96880810989143,0.0,6.9184912853211475,1,1
Pericyte,1,ENSG00000172724,CCL19,664.9969862976536,0.0,9.379371838748039,1,1
Pericyte,2,ENSG00000106819,ASPN,155.81519344212805,0.0,7.292921535208166,1,1
Pericyte,3,ENSG00000172817,CYP7B1,108.86195434684393,0.0,6.779548051238774,1,1
Pericyte,4,ENSG00000166016,ABTB2,104.34053132285361,0.0,6.718916831148863,1,1
Pericyte,5,ENSG00000177990,DPY19L2,98.08009944348238,0.0,6.630523411458587,1,1
Pericyte,6,ENSG00000173530,TNFRSF10D,89.73285693765409,0.0,6.503553181000308,1,1
Pericyte,7,ENSG00000149021,SCGB1A1,88.34164985334938,0.0,6.481260991718677,1,1
Pericyte,8,ENSG00000236283,ENSG00000236283,87.9938480822732,0.0,6.47563370458489,1,1
Pericyte,9,ENSG00000107201,DDX58,86.25483922689232,0.0,6.447163241510912,1,1
Pericyte,10,ENSG00000111859,NEDD9,81.03781266074964,0.0,6.358217121254641,1,1
Pericyte,11,ENSG00000108239,TBC1D12,81.03781266074964,0.0,6.358217121254641,1,1
Pericyte,12,ENSG00000133789,SWAP70,78.60320026321638,0.0,6.314754527051545,1,1
Pericyte,13,ENSG00000197006,METTL9,70.95156129954044,0.0,6.168954087685674,1,1
Pericyte,14,ENSG00000119326,CTNNAL1,70.25595775738809,0.0,6.154938738774241,1,1
Pericyte,15,ENSG00000261130,ENSG00000261130,68.86475067308338,0.0,6.1264928415346995,1,1
SMC,1,ENSG00000172724,CCL19,190.8873924076582,0.0,7.584116114916826,2,2
SMC,2,ENSG00000171476,HOPX,72.04699246514727,0.0,6.190752969628126,2,2
SMC,3,ENSG00000259755,ENSG00000259755,47.16478372718404,0.0,5.589906782598505,2,2
SMC,4,ENSG00000169245,CXCL10,45.307902478082305,0.0,5.533186506366429,2,2
SMC,5,ENSG00000137558,PI15,44.19377372862126,0.0,5.498052123510732,2,2
SMC,6,ENSG00000107317,PTGDS,39.7372587307771,0.0,5.348276997415678,2,2
SMC,7,ENSG00000273237,ENSG00000273237,35.652119982753284,0.0,5.195824742090944,2,2
SMC,8,ENSG00000229671,LINC01150,35.28074373293294,0.0,5.181132125417974,2,2
SMC,9,ENSG00000189058,APOD,28.967347485987045,0.0,4.905319486440963,2,2
SMC,10,ENSG00000107130,NCS1,28.224594986346354,0.0,4.869111125966331,2,2
SMC,11,ENSG00000180573,HIST1H2AC,27.853218736526006,0.0,4.8506603633664955,2,2
SMC,12,ENSG00000122870,BICC1,26.367713737244618,0.0,4.774403013780708,2,2
SMC,13,ENSG00000198211,ENSG00000198211,23.76807998850219,0.0,4.630410130672774,2,2
SMC,14,ENSG00000267100,ILF3-DT,23.0253274888615,0.0,4.586484191373852,2,2
SMC,15,ENSG00000254635,WAC-AS1,23.0253274888615,0.0,4.586484191373852,2,2
T,1,ENSG00000244734,HBB,59.11017077856627,0.1716786090599094,5.680960320389569,1,1
T,2,ENSG00000188536,HBA2,72.76148042719589,1.1159109588894112,5.1235167888224336,1,1
T,3,ENSG00000206172,HBA1,40.95392894588887,0.5150358271797282,4.7913821083245525,1,1
T,4,ENSG00000259755,ENSG00000259755,27.91692823144758,1.2017502634193657,3.71519156315581,1,1
T,5,ENSG00000149021,SCGB1A1,150.43743232789845,20.000557955479444,2.8502222910822157,1,1
T,6,ENSG00000161055,SCGB3A1,95.83219373337995,14.163485247442525,2.674885391587709,1,1
T,7,ENSG00000182351,CRIP1P4,16.24505848186925,2.1459826132488673,2.454600418695379,1,1
T,8,ENSG00000225217,HSPA7,7.303450662016848,0.5150358271797282,2.454359090745801,1,1
T,9,ENSG00000163736,PPBP,5.324010762965553,0.1716786090599094,2.432262929657623,1,1
T,10,ENSG00000118785,SPP1,38.90623249859443,6.6096264488065115,2.3907165424045322,1,1
T,11,ENSG00000142798,HSPG2,22.86594366145462,3.6052507902580975,2.373601752728054,1,1
T,12,ENSG00000251062,ENSG00000251062,18.0197287361911,2.7468577449585503,2.3437435605410126,1,1
T,13,ENSG00000228502,EEF1A1P11,73.64881555435682,14.506842465562343,2.2672144176228874,1,1
T,14,ENSG00000145423,SFRP2,3.6175970568868503,0.0,2.207142285412968,1,1
T,15,ENSG00000272514,CFAP206,7.849503047962034,38.54184773394966,-2.1597119410096077,1,1
T_Cytotoxic,1,ENSG00000262902,MTCO1P40,173.06642998488448,20.279432139028412,3.0321064384300946,3,3
T_Cytotoxic,2,ENSG00000225217,HSPA7,31.399276562947428,3.1340940578498455,2.970318481738977,3,3
T_Cytotoxic,3,ENSG00000254709,IGLL5,1.9375234176773368,17.882771977143236,-2.684398308951666,3,3
T_Cytotoxic,4,ENSG00000118785,SPP1,42.28359929166423,5.807291930721773,2.6686675867754945,3,3
T_Cytotoxic,5,ENSG00000168484,SFTPC,12.764860163521277,83.97528490297674,-2.626053340060237,3,3
T_Cytotoxic,6,ENSG00000211679,IGLC3,2.7923131607702794,21.293403745979834,-2.5554668945782435,3,3
T_Cytotoxic,7,ENSG00000211897,IGHG3,1.2536916232029827,11.522404624447962,-2.4741495960115616,3,3
T_Cytotoxic,8,ENSG00000119922,IFIT2,3.5901169209903596,24.335318566834093,-2.4645471614231993,3,3
T_Cytotoxic,9,ENSG00000161055,SCGB3A1,101.77696541093304,17.698413503152068,2.4585291882751985,3,3
T_Cytotoxic,10,ENSG00000211896,IGHG1,1.7095794861858855,12.075480046421463,-2.2707230391311715,3,3
T_Cytotoxic,11,ENSG00000132465,JCHAIN,1.8805374348044739,12.72073470539055,-2.251947823711828,3,3
T_Cytotoxic,12,ENSG00000149021,SCGB1A1,130.2129708644916,27.19287491369719,2.2185078359445773,3,3
T_Cytotoxic,13,ENSG00000211677,IGLC2,2.8492991436431425,16.592262659205065,-2.192273351530387,3,3
T_Cytotoxic,14,ENSG00000211899,IGHM,1.538621537567297,10.324074543505374,-2.157275914820686,3,3
T_Cytotoxic,15,ENSG00000211895,IGHA1,6.3824300817606385,31.433119815494038,-2.135300113663449,3,3
T_Regulatory,1,ENSG00000135346,CGA,33.37298043408903,0.0,5.1032030461337134,2,2
T_Regulatory,2,ENSG00000108821,COL1A1,18.021409434408078,0.0,4.249552244802717,2,2
T_Regulatory,3,ENSG00000229425,ENSG00000229425,15.685300804021844,0.0,4.0605057906709305,2,2
T_Regulatory,4,ENSG00000197253,TPSB2,13.015462369294722,0.0,3.8089474344689953,2,2
T_Regulatory,5,ENSG00000225217,HSPA7,12.014272956272052,0.0,3.7020228125703176,2,2
T_Regulatory,6,ENSG00000172236,TPSAB1,22.69362669518054,1.0165917946809884,3.5545080600202175,2,2
T_Regulatory,7,ENSG00000259827,ENSG00000259827,0.6674596086817807,17.2820605095768,-3.4547049607080713,2,2
T_Regulatory,8,ENSG00000137731,FXYD2,21.02497767347609,1.0165917946809884,3.4491495732830604,2,2
T_Regulatory,9,ENSG00000118785,SPP1,68.41460988988251,6.099550768085931,3.2894396983849457,2,2
T_Regulatory,10,ENSG00000171408,PDE7B,63.07493302042827,6.099550768085931,3.173960420926188,2,2
T_Regulatory,11,ENSG00000159713,TPPP3,8.009515304181367,0.0,3.1714494937121507,2,2
T_Regulatory,12,ENSG00000250303,ENSG00000250303,16.019030608362733,1.0165917946809884,3.077157881084905,2,2
T_Regulatory,13,ENSG00000168484,SFTPC,8.343245108522257,77.26097639575512,-3.066297488754699,2,2
T_Regulatory,14,ENSG00000244952,ENSG00000244952,0.0,7.116142562766919,-3.0207942067395286,2,2
T_Regulatory,15,ENSG00000134827,TCN1,7.008325891158696,0.0,3.001500684462618,2,2
VE_Arterial,1,ENSG00000211893,IGHG2,1.087658770989095,90.63395916686365,-5.455924527275306,1,1
VE_Arterial,2,ENSG00000211896,IGHG1,1.087658770989095,75.40745402683055,-5.193755562118528,1,1
VE_Arterial,3,ENSG00000270240,ENSG00000270240,16.314881564836426,0.0,4.113940614307718,1,1
VE_Arterial,4,ENSG00000179914,ITLN1,1.6314881564836428,44.22937207342946,-4.103309160110866,1,1
VE_Arterial,5,ENSG00000169245,CXCL10,109.30970648440406,6.525645060014182,3.873600685732888,1,1
VE_Arterial,6,ENSG00000231231,LINC01423,11.420417095385499,0.0,3.6346417170238934,1,1
VE_Arterial,7,ENSG00000267175,ENSG00000267175,4.894464469450928,66.70659394681164,-3.5218636938364165,1,1
VE_Arterial,8,ENSG00000211897,IGHG3,3.806805698461833,52.205160480113456,-3.4684157896345056,1,1
VE_Arterial,9,ENSG00000182351,CRIP1P4,9.788928938901856,0.0,3.4314797445851988,1,1
VE_Arterial,10,ENSG00000182667,NTM,31.54210435868376,2.1752150200047273,3.3573813498548253,1,1
VE_Arterial,11,ENSG00000171848,RRM2,0.0,8.70086008001891,-3.278112662575041,1,1
VE_Arterial,12,ENSG00000069482,GAL,0.0,8.70086008001891,-3.278112662575041,1,1
VE_Arterial,13,ENSG00000169429,CXCL8,57.64591486242204,565.5559052012292,-3.272115799663701,1,1
VE_Arterial,14,ENSG00000143248,RGS5,219.16324235430267,22.477221873382184,3.229240016503967,1,1
VE_Arterial,15,ENSG00000137077,CCL21,6.525952625934571,68.88180896681637,-3.214970841344132,1,1
VE_Capillary_A,1,ENSG00000172817,CYP7B1,334.51295821463924,0.0,8.390224677186708,1,1
VE_Capillary_A,2,ENSG00000169245,CXCL10,213.42229460753003,0.0,7.744311107918908,1,1
VE_Capillary_A,3,ENSG00000163661,PTX3,125.63156349237583,0.0,6.984493237656012,1,1
VE_Capillary_A,4,ENSG00000139329,LUM,96.87253088568738,0.0,6.612832101644482,1,1
VE_Capillary_A,5,ENSG00000041982,TNC,90.81799770533192,0.0,6.520705066122078,1,1
VE_Capillary_A,6,ENSG00000123689,G0S2,844.6073786595869,12.415666584723267,5.9779973208100845,1,1
VE_Capillary_A,7,ENSG00000168542,COL3A1,46.922632147754825,0.0,5.582635245130614,1,1
VE_Capillary_A,8,ENSG00000127129,EDN2,0.0,37.2469997541698,-5.257274676430006,1,1
VE_Capillary_A,9,ENSG00000109846,CRYAB,33.29993249195504,0.0,5.100133831821382,1,1
VE_Capillary_A,10,ENSG00000273259,ENSG00000273259,33.29993249195504,0.0,5.100133831821382,1,1
VE_Capillary_A,11,ENSG00000000971,CFH,31.786299196866175,0.0,5.0350211594225955,1,1
VE_Capillary_A,12,ENSG00000177685,CRACR2B,31.786299196866175,0.0,5.0350211594225955,1,1
VE_Capillary_A,13,ENSG00000026508,CD44,110.49523054148717,2.4831333169446532,5.000452493583531,1,1
VE_Capillary_A,14,ENSG00000131620,ANO1,30.27266590177731,0.0,4.966830304854997,1,1
VE_Capillary_A,15,ENSG00000171388,APLN,239.15406062404074,7.449399950833961,4.828967502761565,1,1
VE_Capillary_B,1,ENSG00000169245,CXCL10,217.40468035359027,1.7922993856893856,6.289406329730685,1,1
VE_Capillary_B,2,ENSG00000169248,CXCL11,48.76792620091018,0.0,5.637144366933512,1,1
VE_Capillary_B,3,ENSG00000259755,ENSG00000259755,41.01975101011137,0.0,5.392995708170529,1,1
VE_Capillary_B,4,ENSG00000197353,LYPD2,38.28510094277061,0.0,5.295910362295818,1,1
VE_Capillary_B,5,ENSG00000182492,BGN,25.9791756397372,0.0,4.75377436168234,1,1
VE_Capillary_B,6,ENSG00000147889,CDKN2A,23.700300583619903,0.0,4.626456693290805,1,1
VE_Capillary_B,7,ENSG00000139329,LUM,23.24452557239644,0.0,4.599587117602932,1,1
VE_Capillary_B,8,ENSG00000115602,IL1RL1,46.48905114479288,916.7611357801208,-4.272451878746506,1,1
VE_Capillary_B,9,ENSG00000204385,SLC44A4,17.775225437714926,0.0,4.230758325445591,1,1
VE_Capillary_B,10,ENSG00000227449,FGF7P6,0.0,16.13069447120447,-4.098511733749668,1,1
VE_Capillary_B,11,ENSG00000102996,MMP15,14.584800359150709,0.0,3.9620677690865755,1,1
VE_Capillary_B,12,ENSG00000164692,COL1A2,13.67325033670379,0.0,3.8751165790709723,1,1
VE_Capillary_B,13,ENSG00000100368,CSF2RB,13.21747532548033,0.0,3.8295933953731778,1,1
VE_Capillary_B,14,ENSG00000225217,HSPA7,24.15607559484336,0.8961496928446928,3.7297621076550476,1,1
VE_Capillary_B,15,ENSG00000204291,COL15A1,32.360025796865635,1.7922993856893856,3.5785948660873275,1,1
VE_Peribronchial,1,ENSG00000169245,CXCL10,69.59455008741136,0.0,6.141484906353326,2,1
VE_Peribronchial,2,ENSG00000259755,ENSG00000259755,70.02188504408845,1.302485272147785,4.946999819240564,2,1
VE_Peribronchial,3,ENSG00000247627,MTND4P12,367.38596704038736,15.629823265773423,4.469373364254552,2,1
VE_Peribronchial,4,ENSG00000169248,CXCL11,17.58178107471445,0.0,4.215816886409205,2,1
VE_Peribronchial,5,ENSG00000139329,LUM,11.41594812837362,0.0,3.634122530213953,2,1
VE_Peribronchial,6,ENSG00000251062,ENSG00000251062,43.160830624385824,2.60497054429557,3.6147079315610853,2,1
VE_Peribronchial,7,ENSG00000164692,COL1A2,10.561278215019444,0.0,3.531229005920205,2,1
VE_Peribronchial,8,ENSG00000174109,C16orf91,9.584512599757531,0.0,3.4038829319133157,2,1
VE_Peribronchial,9,ENSG00000128422,KRT17,9.52346474880366,0.0,3.3955378710917508,2,1
VE_Peribronchial,10,ENSG00000140873,ADAMTS18,63.12347788630119,5.20994108859114,3.3682011882328027,2,1
VE_Peribronchial,11,ENSG00000165996,HACD1,9.218225494034312,0.0,3.353072773233744,2,1
VE_Peribronchial,12,ENSG00000248550,OTX2-AS1,8.851938388311094,0.0,3.3004076055920524,2,1
VE_Peribronchial,13,ENSG00000110987,BCL7A,8.363555580680138,0.0,3.2270564619206414,2,1
VE_Peribronchial,14,ENSG00000262529,ENSG00000262529,8.241459878772398,0.0,3.2081207730158816,2,1
VE_Peribronchial,15,ENSG00000275688,CCL15-CCL14,8.180412027818528,0.0,3.1985589049627134,2,1
VE_Venous,1,ENSG00000204291,COL15A1,99.25325818670649,0.0,6.64750531416983,1,1
VE_Venous,2,ENSG00000113721,PDGFRB,30.5700035215056,0.0,4.980482516465038,1,1
VE_Venous,3,ENSG00000169245,CXCL10,166.74547375366691,5.0743442171251,4.787401364182435,1,1
VE_Venous,4,ENSG00000109610,SOD3,21.835716801075428,0.0,4.51322017074886,1,1
VE_Venous,5,ENSG00000103196,CRISPLD2,130.22027474095893,5.0743442171251,4.433118172065221,1,1
VE_Venous,6,ENSG00000006611,USH1C,18.65961253910082,0.0,4.297162983532989,1,1
VE_Venous,7,ENSG00000131055,COX4I2,36.12818597996117,1.01486884342502,4.203756993659525,1,1
VE_Venous,8,ENSG00000136960,ENPP2,110.76663613636445,5.0743442171251,4.20161711353828,1,1
VE_Venous,9,ENSG00000159713,TPPP3,17.071560408113516,0.0,4.175649177506782,1,1
VE_Venous,10,ENSG00000170891,CYTL1,16.277534342619866,0.0,4.110825441701002,1,1
VE_Venous,11,ENSG00000184489,PTP4A3,15.88052130987304,0.0,4.077287553408486,1,1
VE_Venous,12,ENSG00000134817,APLNR,32.95208171798656,1.01486884342502,4.074742198109537,1,1
VE_Venous,13,ENSG00000138653,NDST4,83.37273687683346,4.05947537370008,4.059717198188821,1,1
VE_Venous,14,ENSG00000089225,TBX5,14.292469178885735,0.0,3.9347494632949873,1,1
VE_Venous,15,ENSG00000183807,FAM162B,14.292469178885735,0.0,3.9347494632949873,1,1
cDC1,1,ENSG00000167994,RAB3IL1,10.0898246640719,0.0,3.471164650804151,1,1
cDC1,2,ENSG00000158481,CD1C,48.87258821659827,3.770826408928886,3.3859359773254734,1,1
cDC1,3,ENSG00000161055,SCGB3A1,73.78184285602578,8.080342304847612,3.0418694346697346,1,1
cDC1,4,ENSG00000178538,CA8,0.31530702075224687,9.696410765817136,-3.0236552745099194,1,1
cDC1,5,ENSG00000065308,TRAM2,0.31530702075224687,9.696410765817136,-3.0236552745099194,1,1
cDC1,6,ENSG00000275385,CCL18,290.71307313357164,35.014816654339654,3.0178875772319174,1,1
cDC1,7,ENSG00000115414,FN1,153.55451910634423,18.31544255765459,3.000289200326171,1,1
cDC1,8,ENSG00000165807,PPP1R36,0.31530702075224687,9.157721278827294,-2.949105293233654,1,1
cDC1,9,ENSG00000163864,NMNAT3,6.306140415044937,0.0,2.8691094807930537,1,1
cDC1,10,ENSG00000169245,CXCL10,50.76443034111175,6.4642738438780905,2.79388727713954,1,1
cDC1,11,ENSG00000111181,SLC6A12,1.2612280830089875,14.005926661735863,-2.7303539878246728,1,1
cDC1,12,ENSG00000169248,CXCL11,9.14390360181516,0.5386894869898409,2.7208389154671133,1,1
cDC1,13,ENSG00000063438,AHRR,0.31530702075224687,7.0029633308679315,-2.6051347042293216,1,1
cDC1,14,ENSG00000105519,CAPS,8.197982539558419,0.5386894869898409,2.579615339017116,1,1
cDC1,15,ENSG00000133063,CHIT1,11.351052747080887,1.0773789739796817,2.571797681171392,1,1
cDC2,1,ENSG00000263574,ENSG00000263574,0.5583652274835773,16.092809175801474,-3.4552842246284556,3,3
cDC2,2,ENSG00000101542,CDH20,23.71409966136134,1.5915965118924533,3.253421323556177,3,3
cDC2,3,ENSG00000168484,SFTPC,8.178408331965338,86.12305569906943,-3.2467386587485825,3,3
cDC2,4,ENSG00000275395,FCGBP,39.611086137952604,4.2442573650465425,2.953063218933956,3,3
cDC2,5,ENSG00000182351,CRIP1P4,20.69235843027375,2.1221286825232712,2.796585007633805,3,3
cDC2,6,ENSG00000134460,IL2RA,7.390128010812053,54.29112546122035,-2.7202832107206287,3,3
cDC2,7,ENSG00000122852,SFTPA1,1.346645548636863,14.32436860703208,-2.7071557832249686,3,3
cDC2,8,ENSG00000156427,FGF18,2.2006158965529226,18.745470028955562,-2.625100255024416,3,3
cDC2,9,ENSG00000115414,FN1,184.35906010972468,30.947709953464372,2.5365382078930603,3,3
cDC2,10,ENSG00000063438,AHRR,1.8393207493576664,15.297010919855246,-2.5209896397901232,3,3
cDC2,11,ENSG00000134443,GRP,4.401231793105845,0.0,2.4332884626740365,3,3
cDC2,12,ENSG00000126353,CCR7,11.889894844062058,66.84705349948304,-2.3960456686001566,3,3
cDC2,13,ENSG00000149289,ZC3H12C,7.554353077718988,42.7962617642193,-2.35607707340014,3,3
cDC2,14,ENSG00000161055,SCGB3A1,75.37930571028294,14.059102521716671,2.3425460137031457,3,3
cDC2,15,ENSG00000169429,CXCL8,151.15275158114252,768.9179593009319,-2.3391842994423717,3,3
cMonocyte,1,ENSG00000169245,CXCL10,151.57217604523976,12.9194306622231,3.4543197799983285,4,4
cMonocyte,2,ENSG00000142798,HSPG2,22.185424650197103,1.44929510633913,3.2427796361061683,4,4
cMonocyte,3,ENSG00000167994,RAB3IL1,14.395122864631707,0.8695770638034779,3.0416895359194687,4,4
cMonocyte,4,ENSG00000146122,DAAM2,3.2741848084260354,32.29857665555775,-2.9617393166342674,4,4
cMonocyte,5,ENSG00000156427,FGF18,1.8064467908557438,17.722808728947072,-2.7379802673855735,4,4
cMonocyte,6,ENSG00000159189,C1QC,31.556367377761273,207.66328452259245,-2.680165133981358,4,4
cMonocyte,7,ENSG00000259755,ENSG00000259755,7.225787163422975,0.3312674528775154,2.62735330442834,4,4
cMonocyte,8,ENSG00000161055,SCGB3A1,104.040044860848,17.350132844459868,2.5170770249891525,4,4
cMonocyte,9,ENSG00000168484,SFTPC,11.008035131777188,66.62616645999029,-2.4935814707395214,4,4
cMonocyte,10,ENSG00000129538,RNASE1,34.88700364840155,196.81427544085383,-2.4626131663778823,4,4
cMonocyte,11,ENSG00000137673,MMP7,5.419340372567231,0.2070421580484471,2.4109489934029593,4,4
cMonocyte,12,ENSG00000152766,ANKRD22,18.177370832985922,2.6915480546298127,2.377107100227134,4,4
cMonocyte,13,ENSG00000197353,LYPD2,5.362888910352989,0.24845058965813654,2.3495432094264506,4,4
cMonocyte,14,ENSG00000173369,C1QB,77.79011493122546,388.783764383374,-2.3065874549312095,4,4
cMonocyte,15,ENSG00000122852,SFTPA1,1.524189479784534,11.345910261054902,-2.2901410937084066,4,4
ncMonocyte,1,ENSG00000197353,LYPD2,252.97507721648924,11.480844860209883,4.346899428766703,1,1
ncMonocyte,2,ENSG00000078053,AMPH,4.013707703743329,98.12873059764296,-4.305353460583773,1,1
ncMonocyte,3,ENSG00000167994,RAB3IL1,25.19716502905534,0.4332394286871654,4.192059153369796,1,1
ncMonocyte,4,ENSG00000118785,SPP1,60.20561555614993,2.3828168577794098,4.177367046532867,1,1
ncMonocyte,5,ENSG00000105976,MET,2.564313255169349,51.3388722994291,-3.8761867991902865,1,1
ncMonocyte,6,ENSG00000188536,HBA2,13.156041917825355,0.4332394286871654,3.304066395751363,1,1
ncMonocyte,7,ENSG00000262902,MTCO1P40,37.684255662923476,380.81745781601836,-3.3030646486699062,1,1
ncMonocyte,8,ENSG00000115604,IL18R1,4.013707703743329,47.65633715558819,-3.27867792296881,1,1
ncMonocyte,9,ENSG00000165029,ABCA1,140.92573715365467,1355.6061723621406,-3.256793821976962,1,1
ncMonocyte,10,ENSG00000182585,EPGN,1.5608863292335167,22.095210863045434,-3.1728785961210653,1,1
ncMonocyte,11,ENSG00000161055,SCGB3A1,101.12313575819998,11.047605431522717,3.0834914108193447,1,1
ncMonocyte,12,ENSG00000013619,MAMLD1,12.710074395187208,114.80844860209884,-3.0784322016816708,1,1
ncMonocyte,13,ENSG00000134070,IRAK2,28.764905210160524,248.02957292340218,-3.064632871281743,1,1
ncMonocyte,14,ENSG00000159713,TPPP3,40.4715526794119,4.115774572528071,3.0190974640856534,1,1
ncMonocyte,15,ENSG00000136379,ABHD17C,10.926204304634616,86.86450545177667,-2.8811455222758675,1,1
pDC,1,ENSG00000118785,SPP1,137.87001563385846,0.0,7.1175913206556105,1,1
pDC,2,ENSG00000169715,MT1E,108.23440479667394,0.0,6.7712835131756215,1,1
pDC,3,ENSG00000161055,SCGB3A1,80.74630199116945,0.0,6.353081562872116,1,1
pDC,4,ENSG00000108691,CCL2,74.30377789612933,0.0,6.2346503398016955,1,1
pDC,5,ENSG00000102970,CCL17,72.1562698644493,0.0,6.192909610853506,1,1
pDC,6,ENSG00000106952,TNFSF8,68.72025701376123,0.0,6.123505982649803,1,1
pDC,7,ENSG00000205358,MT1H,67.86125380108922,0.0,6.105620544109831,1,1
pDC,8,ENSG00000232310,ENSG00000232310,67.86125380108922,0.0,6.105620544109831,1,1
pDC,9,ENSG00000123342,MMP19,40.802652601920734,0.0,5.385522586815899,1,1
pDC,10,ENSG00000283913,ENSG00000283913,39.51414778291271,0.0,5.34035388861357,1,1
pDC,11,ENSG00000235385,LINC02154,0.4295016063360077,54.867104035867406,-5.288414891492336,1,1
pDC,12,ENSG00000183722,LHFPL6,36.937138144896664,0.0,5.245538945489875,1,1
pDC,13,ENSG00000161057,PSMC2,34.789630113216624,0.0,5.161469728426917,1,1
pDC,14,ENSG00000274428,ENSG00000274428,34.36012850688061,0.0,5.144051612713497,1,1
pDC,15,ENSG00000078114,NEBL,32.21262047520058,0.0,5.05365965083338,1,1
