comparison,rank_within_comparison,gene_id,gene_name,lhs_cpm,rhs_cpm,log2_fc
IPF-Progressive vs Control,1,ENSG00000211642,IGLV10-54,0.5143586394709976,29.4621664289066,-4.330239729463748
IPF-Progressive vs Control,2,ENSG00000211654,IGLV5-37,1.022630194451214,38.74088234249378,-4.2963194287898165
IPF-Progressive vs Control,3,ENSG00000243238,IGKV2-30,280.3954599833376,18.47487458693741,3.8529131095576705
IPF-Progressive vs Control,4,ENSG00000255823,MTRNR2L8,1016.4304988973536,97.26678678003303,3.372082554496953
IPF-Progressive vs Control,5,ENSG00000211638,IGLV8-61,1.4639438200328392,20.1403771725871,-3.1009598496838544
IPF-Progressive vs Control,6,ENSG00000224650,IGHV3-74,3.3752883501380846,31.52968688005794,-2.8943069306045195
IPF-Progressive vs Control,7,ENSG00000211640,IGLV6-57,47.52795570401833,6.446643628937165,2.7041538643612797
IPF-Progressive vs Control,8,ENSG00000122176,FMOD,5.247066831053253,0.0071788904553865985,2.632859012998632
IPF-Progressive vs Control,9,ENSG00000211651,IGLV1-44,14.858573241996508,93.65580488097356,-2.577428002599933
IPF-Progressive vs Control,10,ENSG00000211670,IGLV3-9,3.93530012328994,27.933062761909255,-2.5515093254599344
IPF-Progressive vs Control,11,ENSG00000211951,IGHV2-26,2.2583083460797644,17.75339609617106,-2.5249568371308055
IPF-Progressive vs Control,12,ENSG00000121101,TEX14,10.238476113493702,0.9942763280710439,2.494509196550206
IPF-Progressive vs Control,13,ENSG00000240864,IGKV1-16,4.364439579890003,29.20013692728499,-2.4930557243443414
IPF-Progressive vs Control,14,ENSG00000278196,IGLV2-8,20.540866614140604,119.05112986690366,-2.478500784161713
IPF-Progressive vs Control,15,ENSG00000211592,IGKC,434.2556511145645,77.23050351904902,2.4760598733361148
IPF-Progressive vs Control,16,ENSG00000241294,IGKV2-24,21.998723349682663,3.140764574231637,2.4735846951233156
IPF-Progressive vs Control,17,ENSG00000225698,IGHV3-72,0.9739335185249658,9.45459872974415,-2.4049923830151467
IPF-Progressive vs Control,18,ENSG00000110203,FOLR3,82.7204346874689,15.021828277896457,2.385541016765645
IPF-Progressive vs Control,19,ENSG00000087116,ADAMTS2,5.155760563691538,0.17947226138466496,2.3837956273233103
IPF-Progressive vs Control,20,ENSG00000239855,IGKV1-6,31.211525726479763,5.1831589087891246,2.3811610079997774
IPF-Progressive vs Control,21,ENSG00000282122,IGHV7-4-1,0.23435275289506988,5.2334111419768305,-2.3362671265611583
IPF-Progressive vs Control,22,ENSG00000211947,IGHV3-21,18.13951178252749,94.06859108215829,-2.3124147503239953
IPF-Progressive vs Control,23,ENSG00000154262,ABCA6,5.898384871566824,0.44509120823396914,2.255098068635647
IPF-Progressive vs Control,24,ENSG00000211637,IGLV4-69,4.577487537067339,24.67384649516374,-2.2026121690222284
IPF-Progressive vs Control,25,ENSG00000241755,IGKV1-9,8.001472563131673,40.305880461768055,-2.198114245497933
IPF-Progressive vs Control,26,ENSG00000282600,IGHV3-69-1,0.4352265410908441,5.430830629499962,-2.1637266185138513
IPF-Progressive vs Control,27,ENSG00000244575,IGKV1-27,9.705856220550363,46.32896955383742,-2.144323329538608
IPF-Progressive vs Control,28,ENSG00000101335,MYL9,67.90447103690785,14.727493769225607,2.131308808198277
IPF-Progressive vs Control,29,ENSG00000211659,IGLV3-25,68.57405033089375,15.714591206841265,2.05744124023561
IPF-Progressive vs Control,30,ENSG00000115590,IL1R2,15.205537057971029,2.946934531936199,2.0376823384737492
IPF-Progressive vs Control,31,ENSG00000165949,IFI27,1.6617740659832227,9.56228208657495,-1.9884615528764231
IPF-Progressive vs Control,32,ENSG00000211821,TRDV2,7.322762642409586,30.104677124663702,-1.9019971322533928
IPF-Progressive vs Control,33,ENSG00000115457,IGFBP2,9.081930060245305,1.9383004229543817,1.7787180361693555
IPF-Progressive vs Control,34,ENSG00000211933,IGHV6-1,4.7570565295453795,18.45333791557125,-1.756614438850141
IPF-Progressive vs Control,35,ENSG00000211965,IGHV3-49,1.774385129062672,8.19111400959611,-1.7280716633358868
IPF-Progressive vs Control,36,ENSG00000211666,IGLV2-14,48.73015489094758,163.41667288119282,-1.725163775038724
IPF-Progressive vs Control,37,ENSG00000211938,IGHV3-7,12.597221353671355,43.913272915599826,-1.7238299967602955
IPF-Progressive vs Control,38,ENSG00000211968,IGHV1-58,6.458396644718679,1.3819364126619202,1.646730623027992
IPF-Progressive vs Control,39,ENSG00000162366,PDZK1IP1,12.935054542909702,3.49253020654558,1.6331185401079678
IPF-Progressive vs Control,40,ENSG00000163736,PPBP,334.14441603693416,107.48593734327585,1.6272748535551331
IPF-Progressive vs Control,41,ENSG00000211669,IGLV3-10,14.262038961899968,3.959158086145709,1.621780593831632
IPF-Progressive vs Control,42,ENSG00000004799,PDK4,23.191791909875747,6.866608720577282,1.6207039032253396
IPF-Progressive vs Control,43,ENSG00000244116,IGKV2-28,0.31348485127522335,2.997186765123905,-1.605585421390154
IPF-Progressive vs Control,44,ENSG00000211942,IGHV3-13,3.4635510752544096,12.34769158326495,-1.5803264170472966
IPF-Progressive vs Control,45,ENSG00000276819,TRBV15,3.0891953790713758,11.10933297971076,-1.5662304983775672
IPF-Progressive vs Control,46,ENSG00000211956,IGHV4-34,108.7183725475947,36.08110342877305,1.5650490477254877
IPF-Progressive vs Control,47,ENSG00000100473,COCH,6.28795827897681,1.5075669956311857,1.5392264538466256
IPF-Progressive vs Control,48,ENSG00000125144,MT1G,3.76181821530268,0.6496895862124872,1.5293179607410663
IPF-Progressive vs Control,49,ENSG00000168594,ADAM29,1.8991703611236832,0.014357780910773197,1.5150735068610925
IPF-Progressive vs Control,50,ENSG00000211970,IGHV4-61,14.356388771507074,4.418607075290452,1.502845049404009
IPF-Progressive vs Control,51,ENSG00000211946,IGHV3-20,4.7814048675085035,15.251552772468829,-1.4910855567375876
IPF-Progressive vs Control,52,ENSG00000270164,LINC01480,5.213587866353957,1.2240008226434151,1.4822692321323385
IPF-Progressive vs Control,53,ENSG00000161911,TREML1,19.907809827099378,6.518432533491032,1.4755381212731962
IPF-Progressive vs Control,54,ENSG00000183508,TENT5C,12.152864185844338,35.25194158117589,-1.4626812680548182
IPF-Progressive vs Control,55,ENSG00000166091,CMTM5,17.701241699191254,5.814901268863145,1.4563694021676774
IPF-Progressive vs Control,56,ENSG00000130844,ZNF331,11.982425820102469,34.47303196676645,-1.4501626641385825
IPF-Progressive vs Control,57,ENSG00000211668,IGLV2-11,14.061165173704193,40.05820874105722,-1.4468373026891168
IPF-Progressive vs Control,58,ENSG00000163993,S100P,10.485003035370335,3.2448584858347425,1.4359628745652087
IPF-Progressive vs Control,59,ENSG00000163737,PF4,66.28530656236009,24.189271389425144,1.4174820984139958
IPF-Progressive vs Control,60,ENSG00000119508,NR4A3,4.057041813105561,12.437427713957282,-1.4098913815563163
IPF-Progressive vs Control,61,ENSG00000231475,IGHV4-31,39.273869134519245,14.196255875527,1.4061281699996173
IPF-Progressive vs Control,62,ENSG00000169704,GP9,37.274261879297676,13.499903501354499,1.4003312566018065
IPF-Progressive vs Control,63,ENSG00000211893,IGHG2,33.64940306503757,12.161040431424897,1.3965569537980724
IPF-Progressive vs Control,64,ENSG00000240671,IGKV1-8,6.147955335688846,17.69237552730027,-1.386847401377831
IPF-Progressive vs Control,65,ENSG00000257017,HP,8.856707934086407,2.853608956016173,1.3548956958678569
IPF-Progressive vs Control,66,ENSG00000167644,C19orf33,6.908840897036476,2.0926465677451933,1.3546243023523639
IPF-Progressive vs Control,67,ENSG00000253998,IGKV2-29,8.938883574711951,2.961292312846972,1.3271126393870278
IPF-Progressive vs Control,68,ENSG00000074219,TEAD2,2.687447802679827,0.4702173248278222,1.32659320021348
IPF-Progressive vs Control,69,ENSG00000138061,CYP1B1,49.42103898065123,19.253784201346857,1.315834361606437
IPF-Progressive vs Control,70,ENSG00000189058,APOD,1.5826419676030694,0.03948389750462629,1.3129802463020714
IPF-Progressive vs Control,71,ENSG00000144290,SLC4A10,0.39566049190076735,2.4515910905145235,-1.3063135242601862
IPF-Progressive vs Control,72,ENSG00000137801,THBS1,67.51794117174325,26.813155850868945,1.3007143509677412
IPF-Progressive vs Control,73,ENSG00000206177,HBM,2.4713563032571004,0.4235545368678093,1.286001688048613
IPF-Progressive vs Control,74,ENSG00000120875,DUSP4,3.0770212100898138,8.869519157630142,-1.2754643361296507
IPF-Progressive vs Control,75,ENSG00000163221,S100A12,822.1155442403959,340.08557754302933,1.2709612087722952
IPF-Progressive vs Control,76,ENSG00000058335,RASGRF1,2.033086219920866,0.25844005639391754,1.2691500114025116
IPF-Progressive vs Control,77,ENSG00000229807,XIST,13.586372583423273,34.03153020376017,-1.2640328567306356
IPF-Progressive vs Control,78,ENSG00000256553,TRAV1-2,4.8148838322078,12.939950045834344,-1.26140311585818
IPF-Progressive vs Control,79,ENSG00000005961,ITGA2B,14.843355530769557,5.628250117023093,1.2571779734201538
IPF-Progressive vs Control,80,ENSG00000204420,MPIG6B,28.13146097414456,11.31393135768928,1.2422866244191177
IPF-Progressive vs Control,81,ENSG00000211964,IGHV3-48,10.749791210719309,26.77367195336432,-1.2410828073995326
IPF-Progressive vs Control,82,ENSG00000276566,IGKV1D-13,10.341956549836981,3.8084013865825908,1.2380402978314309
IPF-Progressive vs Control,83,ENSG00000173114,LRRN3,2.41048545834929,7.0424915367342535,-1.2376654014586739
IPF-Progressive vs Control,84,ENSG00000105048,TNNT1,19.609542687051107,7.74602280136214,1.2366134780036995
IPF-Progressive vs Control,85,ENSG00000243264,IGKV2D-29,5.362721436378092,13.966531380954628,-1.234024037409764
IPF-Progressive vs Control,86,ENSG00000211941,IGHV3-11,11.139364618129296,27.520276560724525,-1.2322950596265922
IPF-Progressive vs Control,87,ENSG00000174469,CNTNAP2,3.932256581044549,1.1055491301295362,1.2280513129388881
IPF-Progressive vs Control,88,ENSG00000211935,IGHV1-3,3.8835599051183007,10.398622824627488,-1.2228544302665583
IPF-Progressive vs Control,89,ENSG00000162896,PIGR,1.7287319953818143,0.17947226138466496,1.2100892161753134
IPF-Progressive vs Control,90,ENSG00000166831,RBPMS2,5.4205487390405125,1.7803648329358766,1.2074224016649846
IPF-Progressive vs Control,91,ENSG00000232869,TRBV29-1,8.829316053877893,21.640765277762902,-1.2037597841789363
IPF-Progressive vs Control,92,ENSG00000172264,MACROD2,1.3939423483888573,4.493985425072011,-1.1984646738094387
IPF-Progressive vs Control,93,ENSG00000109684,CLNK,2.6417946689989695,0.5922584625693944,1.193575043188463
IPF-Progressive vs Control,94,ENSG00000211934,IGHV1-2,18.282558268060843,43.08770051323037,-1.1930797616838449
IPF-Progressive vs Control,95,ENSG00000211695,TRGV9,12.722006585732364,30.11544546034678,-1.181139436544738
IPF-Progressive vs Control,96,ENSG00000276597,TRBV11-3,1.5369888339222115,4.752425481465928,-1.1810532198282266
IPF-Progressive vs Control,97,ENSG00000146733,PSPH,3.4026802303465993,8.959255288322476,-1.1776558034334705
IPF-Progressive vs Control,98,ENSG00000110848,CD69,62.91914883895818,143.12553900904263,-1.173005901090602
IPF-Progressive vs Control,99,ENSG00000120885,CLU,55.28594488751876,24.00979912804048,1.1702812429731724
IPF-Progressive vs Control,100,ENSG00000157168,NRG1,26.704039661056406,11.310341912461586,1.170225525629201
IPF-Progressive vs Control,101,ENSG00000177575,CD163,40.26606390651655,17.380093792490957,1.16681170725888
IPF-Progressive vs Control,102,ENSG00000100362,PVALB,2.7817976122869332,0.6855840384894202,1.1658235998510622
IPF-Progressive vs Control,103,ENSG00000006740,ARHGAP44,1.3969858906342478,0.07178890455386598,1.161200630810385
IPF-Progressive vs Control,104,ENSG00000036448,MYOM2,17.86559298044234,40.758150560457416,-1.146300369928115
IPF-Progressive vs Control,105,ENSG00000259207,ITGB3,3.7648617575480707,1.1558013633172424,1.1442101044504085
IPF-Progressive vs Control,106,ENSG00000236304,AP001189.1,7.745815014518868,2.9684712033023586,1.1400094970556467
IPF-Progressive vs Control,107,ENSG00000135636,DYSF,25.477492136164027,11.09856464402768,1.129930582703245
IPF-Progressive vs Control,108,ENSG00000109272,PF4V1,17.357321425462125,7.494761635423609,1.1117101951332735
IPF-Progressive vs Control,109,ENSG00000123405,NFE2,48.7240678064568,22.049962033719936,1.1091799502809714
IPF-Progressive vs Control,110,ENSG00000134363,FST,0.05478376041702932,1.2742530558311214,-1.1084455270722096
IPF-Progressive vs Control,111,ENSG00000130518,IQCN,4.964017402231935,1.7803648329358766,1.1010102648040352
IPF-Progressive vs Control,112,ENSG00000117281,CD160,10.080211916733395,22.599147153557013,-1.090749248971158
IPF-Progressive vs Control,113,ENSG00000134755,DSC2,13.035491437007588,5.5959451099738535,1.089428280942888
IPF-Progressive vs Control,114,ENSG00000109321,AREG,22.105247328271332,47.95139879675479,-1.0831295529385132
IPF-Progressive vs Control,115,ENSG00000121807,CCR2,19.670413531958918,8.77978302693781,1.0796928883950985
IPF-Progressive vs Control,116,ENSG00000179593,ALOX15B,2.9339747245564594,0.8650562998740852,1.076768507132709
IPF-Progressive vs Control,117,ENSG00000243466,IGKV1-5,189.71616232417256,89.43102784797856,1.0765373439364971
IPF-Progressive vs Control,118,ENSG00000158050,DUSP2,151.4070960814421,319.88059035634376,-1.0741064491960142
IPF-Progressive vs Control,119,ENSG00000154146,NRGN,89.93362980904442,42.33032757018708,1.0694367990412452
IPF-Progressive vs Control,120,ENSG00000223350,IGLV9-49,4.312699361718364,1.532693112225039,1.0687727994980942
IPF-Progressive vs Control,121,ENSG00000276775,IGHV4-4,3.932256581044549,9.311020920636418,-1.0638674274349142
IPF-Progressive vs Control,122,ENSG00000167633,KIR3DL1,13.03853497925298,28.284828394223197,-1.0607610524103488
IPF-Progressive vs Control,123,ENSG00000196935,SRGAP1,2.580923824091159,0.7214784907663532,1.056683673887509
IPF-Progressive vs Control,124,ENSG00000282651,IGHV5-10-1,14.645525284819172,31.49379242778101,-1.0544140372476067
IPF-Progressive vs Control,125,ENSG00000143595,AQP10,2.7452751053422473,0.8040357310032991,1.0538437811495869
IPF-Progressive vs Control,126,ENSG00000211792,TRAV14DV4,6.8175346296747605,15.158227196548802,-1.0474833111221078
IPF-Progressive vs Control,127,ENSG00000149557,FEZ1,4.988365740195059,11.371362481332373,-1.0467701537905065
IPF-Progressive vs Control,128,ENSG00000127920,GNG11,37.319915012978534,17.65648107502334,1.0384174660387746
IPF-Progressive vs Control,129,ENSG00000188403,IGHV1OR15-9,1.0530656169051191,0.0035894452276932992,1.0326105342850045
IPF-Progressive vs Control,130,ENSG00000211662,IGLV3-21,40.50954728614779,83.7273993811739,-1.0293853901071168
IPF-Progressive vs Control,131,ENSG00000211677,IGLC2,14.496391714795037,30.57130500426383,-1.0266815682015302
IPF-Progressive vs Control,132,ENSG00000165682,CLEC1B,6.52535457411727,2.699262811225361,1.0245217600760466
IPF-Progressive vs Control,133,ENSG00000234184,LINC01781,4.437484593779375,10.046857192313544,-1.0226246709521476
IPF-Progressive vs Control,134,ENSG00000254098,IGKV2-26,0.5387069774341217,2.1177726843390468,-1.018797226283261
IPF-Progressive vs Control,135,ENSG00000211973,IGHV1-69,2.294830853024451,5.674912904983106,-1.0185446090830952
IPF-Progressive vs Control,136,ENSG00000090104,RGS1,7.277109508728729,15.761253994801278,-1.0179311384862841
IPF-Progressive vs Control,137,ENSG00000135929,CYP27A1,38.78994591750215,18.65793629354977,1.0172920638153835
IPF-Progressive vs Control,138,ENSG00000175538,KCNE3,33.82288497302483,16.224292429173712,1.0155910124626688
IPF-Progressive vs Control,139,ENSG00000211714,TRBV7-3,7.998429020886281,17.114474845641652,-1.009397923927756
IPF-Progressive vs Control,140,ENSG00000117984,CTSD,153.8784523846992,76.03880770345485,1.0074791612429346
IPF-Progressive vs Control,141,ENSG00000180509,KCNE1,9.100191313717648,4.034536435927269,1.0044517694811055
IPF-Progressive vs Control,142,ENSG00000103196,CRISPLD2,19.825634186473835,9.411525387011832,1.0001789769035323
IPF-Progressive vs Control,143,ENSG00000211650,IGLV5-45,2.46831276101171,5.936942406604717,-1.0000659048654825
IPF-Progressive vs Control,144,ENSG00000211655,IGLV1-36,0.5174021817163881,2.0244471084190208,-0.9950679138940178
IPF-Progressive vs Control,145,ENSG00000123689,G0S2,78.19773091081858,156.84080922405872,-0.9949392562097605
IPF-Progressive vs Control,146,ENSG00000245105,A2M-AS1,1.9235186990868074,4.824214386019794,-0.994357642345272
IPF-Progressive vs Control,147,ENSG00000164403,SHROOM1,8.275391365216818,3.661234132247165,0.9926961752005878
IPF-Progressive vs Control,148,ENSG00000171049,FPR2,11.881988926004583,5.473903972232281,0.9926474855740612
IPF-Progressive vs Control,149,ENSG00000164850,GPER1,2.599185077563502,0.8112146214586856,0.9907127807155119
IPF-Progressive vs Control,150,ENSG00000088726,TMEM40,11.720681186998885,5.405704512906109,0.9897467733368379
IPF-Stable vs Control,1,ENSG00000211654,IGLV5-37,0.5796963097109452,38.74088234249378,-4.652904766390661
IPF-Stable vs Control,2,ENSG00000211658,IGLV3-27,40.984212322624096,1.2240008226434151,4.238617694269043
IPF-Stable vs Control,3,ENSG00000211642,IGLV10-54,0.6367156188628414,29.4621664289066,-4.218142969182529
IPF-Stable vs Control,4,ENSG00000276566,IGKV1D-13,54.770214179793676,3.8084013865825908,3.535865574771349
IPF-Stable vs Control,5,ENSG00000211649,IGLV7-46,57.33608309162901,4.504753760755091,3.405638585855494
IPF-Stable vs Control,6,ENSG00000239855,IGKV1-6,62.1953953271295,5.1831589087891246,3.3534034527941357
IPF-Stable vs Control,7,ENSG00000115009,CCL20,13.47873113562881,0.7358362716771264,3.060232394524282
IPF-Stable vs Control,8,ENSG00000225523,IGKV6D-21,8.895012227695815,0.22972449457237115,3.0083663573030166
IPF-Stable vs Control,9,ENSG00000211669,IGLV3-10,38.75095604750816,3.959158086145709,3.0028224380953357
IPF-Stable vs Control,10,ENSG00000211632,IGKV3D-11,58.12168246216625,6.618936999866444,2.9560256948151786
IPF-Stable vs Control,11,ENSG00000138207,RBP4,6.607904382825311,0.08255724023694588,2.8130558048258134
IPF-Stable vs Control,12,ENSG00000211659,IGLV3-25,105.20062538524859,15.714591206841265,2.667612285660561
IPF-Stable vs Control,13,ENSG00000211974,IGHV2-70D,9.481044016201416,0.6963523741725001,2.627274641364366
IPF-Stable vs Control,14,ENSG00000253818,IGLV1-41,11.416532787968562,1.05529689694183,2.594843651472714
IPF-Stable vs Control,15,ENSG00000223350,IGLV9-49,14.169298324246219,1.532693112225039,2.582410172754603
IPF-Stable vs Control,16,ENSG00000244734,HBB,605.28214082316,101.90076056898508,2.5587356801347463
IPF-Stable vs Control,17,ENSG00000211670,IGLV3-9,4.159241828691099,27.933062761909255,-2.4874880739485326
IPF-Stable vs Control,18,ENSG00000087116,ADAMTS2,5.4358408058141094,0.17947226138466496,2.447987150684348
IPF-Stable vs Control,19,ENSG00000115590,IL1R2,19.82371314847593,2.946934531936199,2.399422849065402
IPF-Stable vs Control,20,ENSG00000241755,IGKV1-9,6.880329970995481,40.305880461768055,-2.3900192381513414
IPF-Stable vs Control,21,ENSG00000123610,TNFAIP6,14.66346567022932,2.002910437052861,2.3829701043361613
IPF-Stable vs Control,22,ENSG00000211962,IGHV1-46,107.48773323011909,22.839639983812464,2.1860975714349884
IPF-Stable vs Control,23,ENSG00000211821,TRDV2,6.196098261172726,30.104677124663702,-2.1118447392219992
IPF-Stable vs Control,24,ENSG00000211946,IGHV3-20,2.790778409045589,15.251552772468829,-2.100011537644019
IPF-Stable vs Control,25,ENSG00000154099,DNAAF1,6.775794570883671,0.8183935119140723,2.0963256631169864
IPF-Stable vs Control,26,ENSG00000282122,IGHV7-4-1,0.478328648996463,5.2334111419768305,-2.076054840466212
IPF-Stable vs Control,27,ENSG00000211935,IGHV1-3,45.87520195209786,10.398622824627488,2.039965376768508
IPF-Stable vs Control,28,ENSG00000243264,IGKV2D-29,2.730591360496365,13.966531380954628,-2.004263658701144
IPF-Stable vs Control,29,ENSG00000225698,IGHV3-72,1.6440567472130085,9.45459872974415,-1.9833126435478012
IPF-Stable vs Control,30,ENSG00000211664,IGLV2-18,7.174929734946945,31.177921247744,-1.9767928928048555
IPF-Stable vs Control,31,ENSG00000165949,IFI27,1.6947405775702498,9.56228208657495,-1.9707032803976883
IPF-Stable vs Control,32,ENSG00000211638,IGLV8-61,4.4760157684238555,20.1403771725871,-1.948802610541097
IPF-Stable vs Control,33,ENSG00000278857,IGKV1D-12,6.655420473785224,0.9870974376156573,1.9458190028056634
IPF-Stable vs Control,34,ENSG00000276070,CCL4L2,142.49125357058873,36.26057569015771,1.9452409311535712
IPF-Stable vs Control,35,ENSG00000211942,IGHV3-13,2.486675426902142,12.34769158326495,-1.9366662809444093
IPF-Stable vs Control,36,ENSG00000276819,TRBV15,2.1920756629506783,11.10933297971076,-1.9235526452108331
IPF-Stable vs Control,37,ENSG00000158578,ALAS2,4.97968633259894,0.5922584625693944,1.9089952694756298
IPF-Stable vs Control,38,ENSG00000244116,IGKV2-28,0.09503218191982708,2.997186765123905,-1.86801171318272
IPF-Stable vs Control,39,ENSG00000211951,IGHV2-26,4.304957840968167,17.75339609617106,-1.8217386892160876
IPF-Stable vs Control,40,ENSG00000275302,CCL4,586.6019815971193,166.492827441326,1.8107399449203836
IPF-Stable vs Control,41,ENSG00000211976,IGHV3-73,30.058679141241306,8.923360836045543,1.646095757008915
IPF-Stable vs Control,42,ENSG00000267365,KCNJ2-AS1,4.925834762844371,0.9332557592002578,1.6159858875984012
IPF-Stable vs Control,43,ENSG00000211934,IGHV1-2,13.55475688116467,43.08770051323037,-1.5988854908580135
IPF-Stable vs Control,44,ENSG00000123700,KCNJ2,4.073712864963254,0.6784051480340336,1.5959508676308345
IPF-Stable vs Control,45,ENSG00000137801,THBS1,82.5322822579725,26.813155850868945,1.5865664047240333
IPF-Stable vs Control,46,ENSG00000109272,PF4V1,24.32190309268108,7.494761635423609,1.5757404652126992
IPF-Stable vs Control,47,ENSG00000211952,IGHV4-28,5.876156582042642,1.3460419603849871,1.5513735807908904
IPF-Stable vs Control,48,ENSG00000211640,IGLV6-57,20.72335113731696,6.446643628937165,1.5445844548029437
IPF-Stable vs Control,49,ENSG00000277632,CCL3,373.3529331084247,130.18917840843596,1.5127503390221602
IPF-Stable vs Control,50,ENSG00000036448,MYOM2,13.795505075361566,40.758150560457416,-1.4968988705888302
IPF-Stable vs Control,51,ENSG00000166091,CMTM5,18.141643528494992,5.814901268863145,1.4899500457757542
IPF-Stable vs Control,52,ENSG00000004799,PDK4,21.055963774036353,6.866608720577282,1.487355071004366
IPF-Stable vs Control,53,ENSG00000163736,PPBP,302.13264823830895,107.48593734327585,1.4824411995789157
IPF-Stable vs Control,54,ENSG00000211933,IGHV6-1,6.059885467087641,18.45333791557125,-1.4623010384843056
IPF-Stable vs Control,55,ENSG00000237254,TRBV30,6.693433346553155,20.190629405774807,-1.4617269612357564
IPF-Stable vs Control,56,ENSG00000282639,IGHV3-64D,1.2702634983283554,5.100601668552178,-1.426091780954975
IPF-Stable vs Control,57,ENSG00000136244,IL6,3.8234614525743766,0.8004462857756057,1.4217142779104015
IPF-Stable vs Control,58,ENSG00000101335,MYL9,40.993715540816076,14.727493769225607,1.416884650706435
IPF-Stable vs Control,59,ENSG00000127954,STEAP4,12.800834904600709,4.185293135490387,1.412258092862746
IPF-Stable vs Control,60,ENSG00000161911,TREML1,18.91457194144292,6.518432533491032,1.4053206489238361
IPF-Stable vs Control,61,ENSG00000103569,AQP9,27.090507325945374,9.788417135919627,1.3805994705514744
IPF-Stable vs Control,62,ENSG00000134545,KLRC1,47.243665371743376,17.904152795734177,1.3516363266531979
IPF-Stable vs Control,63,ENSG00000124145,SDC4,4.542538295767735,1.1845169251387888,1.3432325498266349
IPF-Stable vs Control,64,ENSG00000278196,IGLV2-8,46.45489826180881,119.05112986690366,-1.3390200675948236
IPF-Stable vs Control,65,ENSG00000243290,IGKV1-12,5.822305012288073,1.701397037926624,1.3365535609598154
IPF-Stable vs Control,66,ENSG00000169704,GP9,35.58321665018059,13.499903501354499,1.335138633460779
IPF-Stable vs Control,67,ENSG00000276597,TRBV11-3,1.2987731529043036,4.752425481465928,-1.3233062841718182
IPF-Stable vs Control,68,ENSG00000211943,IGHV3-15,8.543393154592454,22.78220886016937,-1.317308503966414
IPF-Stable vs Control,69,ENSG00000196935,SRGAP1,3.246932882260759,0.7214784907663532,1.3027731536984057
IPF-Stable vs Control,70,ENSG00000254395,IGHV4-55,2.435991596544901,0.40919675595703614,1.2858534492686373
IPF-Stable vs Control,71,ENSG00000204632,HLA-G,19.320042584300847,7.336826045405104,1.2853332878484753
IPF-Stable vs Control,72,ENSG00000224041,IGKV3D-15,2.052695129468265,6.435875293254085,-1.2844190592914277
IPF-Stable vs Control,73,ENSG00000211970,IGHV4-61,12.119770934175282,4.418607075290452,1.275748590826728
IPF-Stable vs Control,74,ENSG00000276405,TRBV13,3.465506900676361,9.774059355008854,-1.270666061364734
IPF-Stable vs Control,75,ENSG00000120885,CLU,59.252565427012186,24.00979912804048,1.2685291993308772
IPF-Stable vs Control,76,ENSG00000133742,CA1,2.4835076875048148,0.4486806534616624,1.2658011442061556
IPF-Stable vs Control,77,ENSG00000177575,CD163,42.7771528215115,17.380093792490957,1.2520339989391358
IPF-Stable vs Control,78,ENSG00000129538,RNASE1,4.567880210946355,1.342452515157294,1.249108370243074
IPF-Stable vs Control,79,ENSG00000163737,PF4,58.419449965515035,24.189271389425144,1.2381258583857075
IPF-Stable vs Control,80,ENSG00000211625,IGKV3D-20,8.895012227695815,3.201785143102423,1.2356990979128142
IPF-Stable vs Control,81,ENSG00000005961,ITGA2B,14.59694314288544,5.628250117023093,1.2345633530628315
IPF-Stable vs Control,82,ENSG00000171049,FPR2,14.194640239424839,5.473903972232281,1.2308546456066431
IPF-Stable vs Control,83,ENSG00000211653,IGLV1-40,195.16125652995424,83.07770979496141,1.2222448483273034
IPF-Stable vs Control,84,ENSG00000127920,GNG11,42.479385318162706,17.65648107502334,1.2206546492849268
IPF-Stable vs Control,85,ENSG00000223609,HBD,4.137067652909806,1.2311797130988016,1.2031383515671097
IPF-Stable vs Control,86,ENSG00000151726,ACSL1,52.131487261819814,22.08585648599687,1.2025578400264996
IPF-Stable vs Control,87,ENSG00000243466,IGKV1-5,203.6824755087654,89.43102784797856,1.1784978203619954
IPF-Stable vs Control,88,ENSG00000188536,HBA2,5.648079345435057,1.9562476490928482,1.1691704697352125
IPF-Stable vs Control,89,ENSG00000211644,IGLV1-51,125.3569511704439,55.460518213089166,1.1621907567672176
IPF-Stable vs Control,90,ENSG00000211947,IGHV3-21,41.90285674784909,94.06859108215829,-1.1478950650109265
IPF-Stable vs Control,91,ENSG00000166523,CLEC4E,46.47073695879545,20.499321695356432,1.1427473036061366
IPF-Stable vs Control,92,ENSG00000211972,IGHV3-66,23.21319430361643,9.989426068670452,1.1396773757389882
IPF-Stable vs Control,93,ENSG00000224373,IGHV4-59,28.341764387889764,12.329744357126483,1.1383065140545625
IPF-Stable vs Control,94,ENSG00000113140,SPARC,39.93252284271134,17.620586622746405,1.1363490645947047
IPF-Stable vs Control,95,ENSG00000256553,TRAV1-2,5.3598150602782475,12.939950045834344,-1.1321686727813929
IPF-Stable vs Control,96,ENSG00000236304,AP001189.1,7.6944389961086666,2.9684712033023586,1.1315096046413442
IPF-Stable vs Control,97,ENSG00000204420,MPIG6B,25.851921221590295,11.31393135768928,1.1247338833570395
IPF-Stable vs Control,98,ENSG00000120875,DUSP4,3.5320294280202402,8.869519157630142,-1.1228225692774898
IPF-Stable vs Control,99,ENSG00000115008,IL1A,2.9491653789119674,0.8291618475971522,1.1103650516595647
IPF-Stable vs Control,100,ENSG00000280411,IGHV1-69D,5.644911606037729,13.298894568603673,-1.105581704904428
IPF-Stable vs Control,101,ENSG00000064886,CHI3L2,7.558226202023581,17.30830488793709,-1.0971145060567435
IPF-Stable vs Control,102,ENSG00000229807,XIST,15.376207034628022,34.03153020376017,-1.0970527608048926
IPF-Stable vs Control,103,ENSG00000183508,TENT5C,15.984412998914916,35.25194158117589,-1.0938469071867658
IPF-Stable vs Control,104,ENSG00000088726,TMEM40,12.566422189198468,5.405704512906109,1.0826111404669967
IPF-Stable vs Control,105,ENSG00000125538,IL1B,352.9368526926485,166.24515572061514,1.081527562594153
IPF-Stable vs Control,106,ENSG00000211655,IGLV1-36,5.388324714854196,2.0244471084190208,1.0787662149351334
IPF-Stable vs Control,107,ENSG00000211650,IGLV5-45,2.2934433236651603,5.936942406604717,-1.0747031835430374
IPF-Stable vs Control,108,ENSG00000211713,TRBV6-4,1.1403861830379252,3.499709097000967,-1.071960614279797
IPF-Stable vs Control,109,ENSG00000137393,RNF144B,62.99366565525605,29.523186997777387,1.0680235033288055
IPF-Stable vs Control,110,ENSG00000211673,IGLV3-1,25.63651494257202,54.58110413230431,-1.0611891583011355
IPF-Stable vs Control,111,ENSG00000211598,IGKV4-1,91.79158451636098,191.31743063605285,-1.0514236518169167
IPF-Stable vs Control,112,ENSG00000239951,IGKV3-20,135.44303341153488,281.2976436038685,-1.0489183518449279
IPF-Stable vs Control,113,ENSG00000134363,FST,0.10136766071448222,1.2742530558311214,-1.046096639049035
IPF-Stable vs Control,114,ENSG00000211890,IGHA2,13.149286238306741,28.195092263530867,-1.0449965923571654
IPF-Stable vs Control,115,ENSG00000165682,CLEC1B,6.630078558606603,2.699262811225361,1.0444601117547139
IPF-Stable vs Control,116,ENSG00000168497,CAVIN2,53.76604079084084,25.700427830284024,1.0364187282741701
IPF-Stable vs Control,117,ENSG00000211896,IGHG1,31.845284161334057,15.093617182450323,1.0291976261484113
IPF-Stable vs Control,118,ENSG00000122786,CALD1,3.1614039185329146,1.0517074517141367,1.020245292537574
IPF-Stable vs Control,119,ENSG00000138061,CYP1B1,39.98003893367125,19.253784201346857,1.0167298697974037
IPF-Stable vs Control,120,ENSG00000166920,C15orf48,8.720786560842798,3.815580277037977,1.013363401547089
IPF-Stable vs Control,121,ENSG00000163734,CXCL3,32.20957419202673,15.474098376585813,1.011399715904969
IPF-Stable vs Control,122,ENSG00000276085,CCL3L1,93.32477038466753,45.92695168833576,1.0072199351983508
IPF-Stable vs Control,123,ENSG00000134548,SPX,2.480339948107487,0.7394257169048196,1.0006171614231292
IPF-Stable vs Control,124,ENSG00000242371,IGKV1-39,3.826629191971704,1.4393675363050131,0.9845088518441976
IPF-Stable vs Control,125,ENSG00000206172,HBA1,4.707260744428768,1.8844587445389822,0.984497846965561
IPF-Stable vs Control,126,ENSG00000102854,MSLN,1.8657985050259385,0.4486806534616624,0.9841975740645711
IPF-Stable vs Control,127,ENSG00000099985,OSM,10.130430592653568,21.00902291768888,-0.9835856927807569
IPF-Stable vs Control,128,ENSG00000114737,CISH,32.881134944260175,16.163271860302928,0.9811576004444751
IPF-Stable vs Control,129,ENSG00000136689,IL1RN,35.83980354136412,17.681607191617193,0.9796467914305742
IPF-Stable vs Control,130,ENSG00000275063,AC233755.1,8.67960594867754,3.923263633868776,0.9753333214512256
IPF-Stable vs Control,131,ENSG00000278030,TRBV7-9,24.001961413550994,47.96575657766556,-0.9697318967307007
IPF-Stable vs Control,132,ENSG00000126262,FFAR2,14.378369124469838,6.8558403848942016,0.9690649912918241
IPF-Stable vs Control,133,ENSG00000101162,TUBB1,54.082814730573595,27.26183650433061,0.9627470654361092
IPF-Stable vs Control,134,ENSG00000130844,ZNF331,17.235670060859306,34.47303196676645,-0.9599594344373461
IPF-Stable vs Control,135,ENSG00000211941,IGHV3-11,13.6846341964551,27.520276560724525,-0.9576806439808077
IPF-Stable vs Control,136,ENSG00000133328,HRASLS2,1.2132441891764592,3.2915212737947557,-0.955326516350409
IPF-Stable vs Control,137,ENSG00000123405,NFE2,43.68312628914718,22.049962033719936,0.9549657542652943
IPF-Stable vs Control,138,ENSG00000242550,SERPINB10,1.8879726808072315,0.491753996193982,0.9530474532383821
IPF-Stable vs Control,139,ENSG00000081041,CXCL2,76.07642936621892,38.82702902795842,0.9525418758880786
IPF-Stable vs Control,140,ENSG00000282651,IGHV5-10-1,61.799427902463556,31.49379242778101,0.9505872824825996
IPF-Stable vs Control,141,ENSG00000211724,TRBV6-6,8.08090320258263,16.529395273527644,-0.9488685243287338
IPF-Stable vs Control,142,ENSG00000143595,AQP10,2.4708367299155043,0.8040357310032991,0.9440555884765014
IPF-Stable vs Control,143,ENSG00000259207,ITGB3,3.1297265245596386,1.1558013633172424,0.93782199428626
IPF-Stable vs Control,144,ENSG00000163221,S100A12,651.8098970911074,340.08557754302933,0.9365291764741599
IPF-Stable vs Control,145,ENSG00000154146,NRGN,81.8100376753818,42.33032757018708,0.9344285089167288
IPF-Stable vs Control,146,ENSG00000282600,IGHV3-69-1,11.289823212075458,5.430830629499962,0.934387164384554
IPF-Stable vs Control,147,ENSG00000121807,CCR2,17.644308443114564,8.77978302693781,0.9308609222989039
IPF-Stable vs Control,148,ENSG00000251230,MIR3945HG,1.846792068641973,0.5025223318770619,0.9219506878742622
IPF-Stable vs Control,149,ENSG00000240382,IGKV1-17,24.86675426902142,12.724583332172745,0.9143366868623644
IPF-Stable vs Control,150,ENSG00000184500,PROS1,2.340959414625074,0.7753201691817526,0.9121832270197294
IPF-Progressive vs IPF-Stable,1,ENSG00000211649,IGLV7-46,1.9996072552215702,57.33608309162901,-4.281542998254369
IPF-Progressive vs IPF-Stable,2,ENSG00000211658,IGLV3-27,1.2722006585732366,40.984212322624096,-4.207684770768031
IPF-Progressive vs IPF-Stable,3,ENSG00000255823,MTRNR2L8,1016.4304988973536,70.85599483942308,3.8236779129126734
IPF-Progressive vs IPF-Stable,4,ENSG00000243238,IGKV2-30,280.3954599833376,23.267045873371,3.535528653281485
IPF-Progressive vs IPF-Stable,5,ENSG00000224650,IGHV3-74,3.3752883501380846,41.506889323183145,-3.2802466807090123
IPF-Progressive vs IPF-Stable,6,ENSG00000211935,IGHV1-3,3.8835599051183007,45.87520195209786,-3.2628198070350662
IPF-Progressive vs IPF-Stable,7,ENSG00000282600,IGHV3-69-1,0.4352265410908441,11.289823212075458,-3.0981137828984053
IPF-Progressive vs IPF-Stable,8,ENSG00000253818,IGLV1-41,0.4626184212993587,11.416532787968562,-3.0856370266413835
IPF-Progressive vs IPF-Stable,9,ENSG00000241294,IGKV2-24,21.998723349682663,1.751759886722146,3.0631272860948044
IPF-Progressive vs IPF-Stable,10,ENSG00000225523,IGKV6D-21,0.2160914994227268,8.895012227695815,-3.0244497080060655
IPF-Progressive vs IPF-Stable,11,ENSG00000115009,CCL20,1.0743704126228528,13.47873113562881,-2.803189736347203
IPF-Progressive vs IPF-Stable,12,ENSG00000211974,IGHV2-70D,0.7213195121575527,9.481044016201416,-2.6061956097078163
IPF-Progressive vs IPF-Stable,13,ENSG00000138207,RBP4,0.252614006367413,6.607904382825311,-2.6025571983813087
IPF-Progressive vs IPF-Stable,14,ENSG00000240864,IGKV1-16,4.364439579890003,28.34493212728709,-2.451612004875774
IPF-Progressive vs IPF-Stable,15,ENSG00000121101,TEX14,10.238476113493702,1.0643604375020634,2.444679633361659
IPF-Progressive vs IPF-Stable,16,ENSG00000211668,IGLV2-11,14.061165173704193,76.21580989970133,-2.3580628836137647
IPF-Progressive vs IPF-Stable,17,ENSG00000211651,IGLV1-44,14.858573241996508,79.5229298305113,-2.3441366846907563
IPF-Progressive vs IPF-Stable,18,ENSG00000211962,IGHV1-46,20.540866614140604,107.48773323011909,-2.3323837280768984
IPF-Progressive vs IPF-Stable,19,ENSG00000244575,IGKV1-27,9.705856220550363,52.48310633492317,-2.3206830780385674
IPF-Progressive vs IPF-Stable,20,ENSG00000276566,IGKV1D-13,10.341956549836981,54.770214179793676,-2.297825276939918
IPF-Progressive vs IPF-Stable,21,ENSG00000211592,IGKC,434.2556511145645,89.86559896278582,2.2600569198095357
IPF-Progressive vs IPF-Stable,22,ENSG00000122176,FMOD,5.247066831053253,0.3516190731033602,2.20849034986016
IPF-Progressive vs IPF-Stable,23,ENSG00000211976,IGHV3-73,6.16926013140658,30.058679141241306,-2.115100330912787
IPF-Progressive vs IPF-Stable,24,ENSG00000278857,IGKV1D-12,0.7761032725745821,6.655420473785224,-2.107766149408851
IPF-Progressive vs IPF-Stable,25,ENSG00000211632,IGKV3D-11,12.93201100066431,58.12168246216625,-2.08528380854606
IPF-Progressive vs IPF-Stable,26,ENSG00000211655,IGLV1-36,0.5174021817163881,5.388324714854196,-2.073834128829151
IPF-Progressive vs IPF-Stable,27,ENSG00000244734,HBB,145.69436728684408,605.28214082316,-2.047175849745395
IPF-Progressive vs IPF-Stable,28,ENSG00000275302,CCL4,143.61258439099697,586.6019815971193,-2.0226461580605006
IPF-Progressive vs IPF-Stable,29,ENSG00000158578,ALAS2,0.48087967477170185,4.97968633259894,-2.0136153863681274
IPF-Progressive vs IPF-Stable,30,ENSG00000282651,IGHV5-10-1,14.645525284819172,61.799427902463556,-2.0050013197302063
IPF-Progressive vs IPF-Stable,31,ENSG00000123610,TNFAIP6,3.0222374496727844,14.66346567022932,-1.9613332984022702
IPF-Progressive vs IPF-Stable,32,ENSG00000154099,DNAAF1,1.0408914479235571,6.775794570883671,-1.9297906552726611
IPF-Progressive vs IPF-Stable,33,ENSG00000211637,IGLV4-69,4.577487537067339,19.99477107593162,-1.9123427674382292
IPF-Progressive vs IPF-Stable,34,ENSG00000276070,CCL4L2,37.225565203371424,142.49125357058873,-1.908353062357099
IPF-Progressive vs IPF-Stable,35,ENSG00000211938,IGHV3-7,12.597221353671355,49.54027643480586,-1.8941216941419134
IPF-Progressive vs IPF-Stable,36,ENSG00000211625,IGKV3D-20,1.673948234964785,8.895012227695815,-1.8877299535449104
IPF-Progressive vs IPF-Stable,37,ENSG00000211666,IGLV2-14,48.73015489094758,162.3973279433952,-1.7161915613879115
IPF-Progressive vs IPF-Stable,38,ENSG00000166920,C15orf48,1.9965637129761797,8.720786560842798,-1.6977640058928094
IPF-Progressive vs IPF-Stable,39,ENSG00000136244,IL6,0.5143586394709976,3.8234614525743766,-1.6713619234923707
IPF-Progressive vs IPF-Stable,40,ENSG00000154262,ABCA6,5.898384871566824,1.2037409709844764,1.6463039625860612
IPF-Progressive vs IPF-Stable,41,ENSG00000231475,IGHV4-31,39.273869134519245,12.233809552479073,1.6056156564932276
IPF-Progressive vs IPF-Stable,42,ENSG00000211956,IGHV4-34,108.7183725475947,35.60222308656456,1.5838019476061884
IPF-Progressive vs IPF-Stable,43,ENSG00000211662,IGLV3-21,40.50954728614779,123.22189481664513,-1.5814043764554224
IPF-Progressive vs IPF-Stable,44,ENSG00000110203,FOLR3,82.7204346874689,27.252062035209082,1.5672236328211815
IPF-Progressive vs IPF-Stable,45,ENSG00000223350,IGLV9-49,4.312699361718364,14.169298324246219,-1.513637373256509
IPF-Progressive vs IPF-Stable,46,ENSG00000211968,IGHV1-58,6.458396644718679,1.6250503108290433,1.5065204498134777
IPF-Progressive vs IPF-Stable,47,ENSG00000224373,IGHV4-59,9.644985375642552,28.341764387889764,-1.4627816584165494
IPF-Progressive vs IPF-Stable,48,ENSG00000123689,G0S2,78.19773091081858,212.87208750041268,-1.4332172068529854
IPF-Progressive vs IPF-Stable,49,ENSG00000211644,IGLV1-51,47.32708191582255,125.3569511704439,-1.3866012425083643
IPF-Progressive vs IPF-Stable,50,ENSG00000277632,CCL3,142.5503881473557,373.3529331084247,-1.3828418267448779
IPF-Progressive vs IPF-Stable,51,ENSG00000211669,IGLV3-10,14.262038961899968,38.75095604750816,-1.3810418442637036
IPF-Progressive vs IPF-Stable,52,ENSG00000211598,IGKV4-1,237.76456375215267,91.79158451636098,1.3635228598300957
IPF-Progressive vs IPF-Stable,53,ENSG00000125144,MT1G,3.76181821530268,0.8552896372784438,1.359868116301095
IPF-Progressive vs IPF-Stable,54,ENSG00000169715,MT1E,31.881105020465675,11.818835691429163,1.3589935529620658
IPF-Progressive vs IPF-Stable,55,ENSG00000240382,IGKV1-17,9.10627839820843,24.86675426902142,-1.3558472100265972
IPF-Progressive vs IPF-Stable,56,ENSG00000134545,KLRC1,18.0390748884296,47.243665371743376,-1.3413761423546866
IPF-Progressive vs IPF-Stable,57,ENSG00000253998,IGKV2-29,8.938883574711951,2.923823463733347,1.3408236694350861
IPF-Progressive vs IPF-Stable,58,ENSG00000163661,PTX3,5.8740365336037,16.298019199250344,-1.331377419561142
IPF-Progressive vs IPF-Stable,59,ENSG00000168594,ADAM29,1.8991703611236832,0.16155470926370605,1.3195830048442048
IPF-Progressive vs IPF-Stable,60,ENSG00000211952,IGHV4-28,1.7774286713080625,5.876156582042642,-1.3078525364292795
IPF-Progressive vs IPF-Stable,61,ENSG00000163734,CXCL3,12.496784459573467,32.20957419202673,-1.2989834915094858
IPF-Progressive vs IPF-Stable,62,ENSG00000125538,IL1B,143.52432166588065,352.9368526926485,-1.292179685212421
IPF-Progressive vs IPF-Stable,63,ENSG00000133742,CA1,0.42609591435467253,2.4835076875048148,-1.288469731275917
IPF-Progressive vs IPF-Stable,64,ENSG00000188536,HBA2,1.7500367910995478,5.648079345435057,-1.273486681186688
IPF-Progressive vs IPF-Stable,65,ENSG00000211677,IGLC2,14.496391714795037,36.11222912953429,-1.2599623307927041
IPF-Progressive vs IPF-Stable,66,ENSG00000206172,HBA1,1.4030729751250288,4.707260744428768,-1.2479180160628112
IPF-Progressive vs IPF-Stable,67,ENSG00000174469,CNTNAP2,3.932256581044549,1.0960378314753392,1.234583095794112
IPF-Progressive vs IPF-Stable,68,ENSG00000092758,COL9A3,5.40533102781356,1.7390889291328357,1.2255770247155438
IPF-Progressive vs IPF-Stable,69,ENSG00000267519,AC020916.1,22.90569893880904,9.335328003924348,1.2097704117206654
IPF-Progressive vs IPF-Stable,70,ENSG00000240671,IGKV1-8,6.147955335688846,15.262168416324231,-1.1859171160858093
IPF-Progressive vs IPF-Stable,71,ENSG00000115008,IL1A,0.7608855613476295,2.9491653789119674,-1.1652466321685595
IPF-Progressive vs IPF-Stable,72,ENSG00000211947,IGHV3-21,18.13951178252749,41.90285674784909,-1.1645196853130688
IPF-Progressive vs IPF-Stable,73,ENSG00000211640,IGLV6-57,47.52795570401833,20.72335113731696,1.159569409558336
IPF-Progressive vs IPF-Stable,74,ENSG00000007350,TKTL1,5.612291900500115,13.706808372236393,-1.1532618720665524
IPF-Progressive vs IPF-Stable,75,ENSG00000211638,IGLV8-61,1.4639438200328392,4.4760157684238555,-1.1521572391427573
IPF-Progressive vs IPF-Stable,76,ENSG00000267365,KCNJ2-AS1,1.667861150474004,4.925834762844371,-1.1513348154259617
IPF-Progressive vs IPF-Stable,77,ENSG00000278196,IGLV2-8,20.540866614140604,46.45489826180881,-1.1394807165668892
IPF-Progressive vs IPF-Stable,78,ENSG00000270164,LINC01480,5.213587866353957,1.840456589847318,1.1293036991205772
IPF-Progressive vs IPF-Stable,79,ENSG00000006740,ARHGAP44,1.3969858906342478,0.10136766071448222,1.12192526428801
IPF-Progressive vs IPF-Stable,80,ENSG00000081041,CXCL2,34.57463990763628,76.07642936621892,-1.1154405854286455
IPF-Progressive vs IPF-Stable,81,ENSG00000228668,TRGV5P,0.3073977667844423,1.8309533716553352,-1.1145898489884947
IPF-Progressive vs IPF-Stable,82,ENSG00000241244,IGKV1D-16,0.9648028917887942,3.243765142863431,-1.1109602281047035
IPF-Progressive vs IPF-Stable,83,ENSG00000162366,PDZK1IP1,12.935054542909702,5.505531072555316,1.0989799094385737
IPF-Progressive vs IPF-Stable,84,ENSG00000211745,TRBV4-2,10.7528347529647,24.014632371140305,-1.089763476814832
IPF-Progressive vs IPF-Stable,85,ENSG00000276085,CCL3L1,43.40395596151418,93.32477038466753,-1.0869484706516008
IPF-Progressive vs IPF-Stable,86,ENSG00000146707,POMZP3,7.630160409194029,3.0727072154077426,1.0833992715456304
IPF-Progressive vs IPF-Stable,87,ENSG00000058335,RASGRF1,2.033086219920866,0.43398029743387706,1.0807613073945737
IPF-Progressive vs IPF-Stable,88,ENSG00000211937,IGHV2-5,16.09729493587045,7.1400846015763415,1.0706523919441682
IPF-Progressive vs IPF-Stable,89,ENSG00000242534,IGKV2D-28,3.618771729769326,1.206908710381804,1.0654822934475578
IPF-Progressive vs IPF-Stable,90,ENSG00000123700,KCNJ2,1.4304648553335435,4.073712864963254,-1.061809602904083
IPF-Progressive vs IPF-Stable,91,ENSG00000205809,KLRC2,1.1778508489661306,3.5447003856095503,-1.0612800324313831
IPF-Progressive vs IPF-Stable,92,ENSG00000244437,IGKV3-15,88.15620113773636,184.62852303384005,-1.0580113558706508
IPF-Progressive vs IPF-Stable,93,ENSG00000237541,HLA-DQA2,53.508516216210694,112.48959373849932,-1.058006463638348
IPF-Progressive vs IPF-Stable,94,ENSG00000211964,IGHV3-48,10.749791210719309,23.292387788549618,-1.0478691838887642
IPF-Progressive vs IPF-Stable,95,ENSG00000162896,PIGR,1.7287319953818143,0.31994167913008453,1.0477565197758036
IPF-Progressive vs IPF-Stable,96,ENSG00000115457,IGFBP2,9.081930060245305,3.8836485011236004,1.0457405796094843
IPF-Progressive vs IPF-Stable,97,ENSG00000176083,ZNF683,13.62593863261335,29.19388628577088,-1.0457272456430098
IPF-Progressive vs IPF-Stable,98,ENSG00000204710,SPDYC,1.4852486157505729,0.20590306082629203,1.04327624359167
IPF-Progressive vs IPF-Stable,99,ENSG00000211966,IGHV5-51,96.0694109757517,46.50558209216605,1.0309196918709098
IPF-Progressive vs IPF-Stable,100,ENSG00000256039,LINC02446,12.57591655795362,26.707210858868738,-1.029211886763167
IPF-Progressive vs IPF-Stable,101,ENSG00000270550,IGHV3-30,35.60335718657828,73.45037340583436,-1.0243031089860422
IPF-Progressive vs IPF-Stable,102,ENSG00000115523,GNLY,1029.9194781289243,2094.8545731072977,-1.0236069620626758
IPF-Progressive vs IPF-Stable,103,ENSG00000224041,IGKV3D-15,5.186195986145442,2.052695129468265,1.0189690246769294
IPF-Progressive vs IPF-Stable,104,ENSG00000074219,TEAD2,2.687447802679827,0.8267799827024956,1.0133197412689887
IPF-Progressive vs IPF-Stable,105,ENSG00000211664,IGLV2-18,15.482499402301565,7.174929734946945,1.0116567935014622
IPF-Progressive vs IPF-Stable,106,ENSG00000134070,IRAK2,4.291394566000631,9.667940640643742,-1.0115617974576399
IPF-Progressive vs IPF-Stable,107,ENSG00000118503,TNFAIP3,117.76378010089532,237.30802921139755,-1.0047326421331801
IPF-Progressive vs IPF-Stable,108,ENSG00000124145,SDC4,1.774385129062672,4.542538295767735,-0.9983787625976148
IPF-Progressive vs IPF-Stable,109,ENSG00000146733,PSPH,3.4026802303465993,7.7831356992338385,-0.9963540293705764
IPF-Progressive vs IPF-Stable,110,ENSG00000162383,SLC1A7,2.4409208808031955,5.831808230480056,-0.9894727592495165
IPF-Progressive vs IPF-Stable,111,ENSG00000185483,ROR1,1.7196013686456426,0.37062550948732564,0.9885607577024671
IPF-Progressive vs IPF-Stable,112,ENSG00000100473,COCH,6.28795827897681,2.6925784877284342,0.9808861136671039
IPF-Progressive vs IPF-Stable,113,ENSG00000233306,TRGV2,7.511462261623798,15.73099384712871,-0.9750442342192853
IPF-Progressive vs IPF-Stable,114,ENSG00000239855,IGKV1-6,31.211525726479763,62.1953953271295,-0.9722424447943583
IPF-Progressive vs IPF-Stable,115,ENSG00000177238,TRIM72,1.1474154265122254,0.09503218191982708,0.9716280437578755
IPF-Progressive vs IPF-Stable,116,ENSG00000280411,IGHV1-69D,11.948946855403173,5.644911606037729,0.9625128542580295
IPF-Progressive vs IPF-Stable,117,ENSG00000100450,GZMH,179.95856588545055,350.83980921161765,-0.959259326006384
IPF-Progressive vs IPF-Stable,118,ENSG00000188403,IGHV1OR15-9,1.0530656169051191,0.06335478794655139,0.9491567054932502
IPF-Progressive vs IPF-Stable,119,ENSG00000189058,APOD,1.5826419676030694,0.3421158549113775,0.9443384420099121
IPF-Progressive vs IPF-Stable,120,ENSG00000211943,IGHV3-15,17.33601662974439,8.543393154592454,0.9421060447005569
IPF-Progressive vs IPF-Stable,121,ENSG00000211965,IGHV3-49,1.774385129062672,4.31446105916015,-0.9377553243788304
IPF-Progressive vs IPF-Stable,122,ENSG00000205810,KLRC3,7.325806184654977,14.840859076479664,-0.9279886976482326
IPF-Progressive vs IPF-Stable,123,ENSG00000154027,AK5,7.551028310813875,15.227323282953627,-0.9242552171786418
IPF-Progressive vs IPF-Stable,124,ENSG00000240403,KIR3DL2,7.532767057341532,15.100613707060525,-0.9160301121823804
IPF-Progressive vs IPF-Stable,125,ENSG00000102854,MSLN,0.5204457239617786,1.8657985050259385,-0.9144428601836924
IPF-Progressive vs IPF-Stable,126,ENSG00000259001,AL355075.4,34.70855576643347,17.957914643449993,0.9134695076821977
IPF-Progressive vs IPF-Stable,127,ENSG00000231769,AL035701.1,1.7774286713080625,4.213093398445667,-0.9083898462380702
IPF-Progressive vs IPF-Stable,128,ENSG00000234184,LINC01781,4.437484593779375,9.195947470441935,-0.9069845323944357
IPF-Progressive vs IPF-Stable,129,ENSG00000100448,CTSG,0.07304501388937243,0.9851669525688741,-0.8875497451922081
IPF-Progressive vs IPF-Stable,130,ENSG00000251546,IGKV1D-39,5.937950920756901,2.752765536277658,0.886555478058042
IPF-Progressive vs IPF-Stable,131,ENSG00000226571,AL158850.1,2.967453689255755,1.1467216618325802,0.8860782357113737
IPF-Progressive vs IPF-Stable,132,ENSG00000137441,FGFBP2,161.2255633650719,298.7178251679898,-0.8856037119292175
IPF-Progressive vs IPF-Stable,133,ENSG00000276953,TRBV12-4,11.261106307944917,21.626156865555316,-0.8839024005500797
IPF-Progressive vs IPF-Stable,134,ENSG00000109321,AREG,22.105247328271332,41.627263420281594,-0.8835559075183728
IPF-Progressive vs IPF-Stable,135,ENSG00000117281,CD160,10.080211916733395,19.440416681399295,-0.8834391319674486
IPF-Progressive vs IPF-Stable,136,ENSG00000211653,IGLV1-40,105.37351961991051,195.16125652995424,-0.8829010711561462
IPF-Progressive vs IPF-Stable,137,ENSG00000271503,CCL5,708.2231498756373,1303.448736254759,-0.8791287151834712
IPF-Progressive vs IPF-Stable,138,ENSG00000171596,NMUR1,7.3745028605812255,14.359362688085874,-0.8750429002524567
IPF-Progressive vs IPF-Stable,139,ENSG00000166831,RBPMS2,5.4205487390405125,2.5088496026834353,0.8716984922288384
IPF-Progressive vs IPF-Stable,140,ENSG00000089692,LAG3,8.144519048665027,15.70565193195009,-0.8693570851482257
IPF-Progressive vs IPF-Stable,141,ENSG00000211694,TRGV10,9.294978017422642,17.783688976596977,-0.8675396759499905
IPF-Progressive vs IPF-Stable,142,ENSG00000139187,KLRG1,37.12208476702815,68.30596462457439,-0.8623525017458054
IPF-Progressive vs IPF-Stable,143,ENSG00000261834,IGHV3OR16-15,0.021304795717733627,0.8489541584837886,-0.856295971266277
IPF-Progressive vs IPF-Stable,144,ENSG00000171476,HOPX,109.85057026287997,199.14627269179232,-0.8524385567135626
IPF-Progressive vs IPF-Stable,145,ENSG00000211893,IGHG2,33.64940306503757,18.334875631731972,0.8416250134702672
IPF-Progressive vs IPF-Stable,146,ENSG00000090104,RGS1,7.277109508728729,13.811343772348204,-0.8395035864019058
IPF-Progressive vs IPF-Stable,147,ENSG00000211973,IGHV1-69,2.294830853024451,4.87515093248713,-0.8344215115626634
IPF-Progressive vs IPF-Stable,148,ENSG00000163617,CCDC191,8.908448152258046,4.567880210946355,0.8315309492145997
IPF-Progressive vs IPF-Stable,149,ENSG00000239571,IGKV2D-30,1.9600412060314936,0.6652252734387896,0.8298998995971537
IPF-Progressive vs IPF-Stable,150,ENSG00000172215,CXCR6,1.2843748275547986,3.060036257818432,-0.8296932191794193
