gsm_accession,sample_title,disease_bucket,feature_count,mean_processed_signal,median_processed_signal
GSM1149949,LT001098RU_COPD,COPD,33291,2531.743141040834,181.5051
GSM1149953,LT007392RU_COPD,COPD,33291,1836.8687033364527,135.5165
GSM1149954,LT009099RL_COPD,COPD,33291,2598.0390571543535,235.3405
GSM1149956,LT010491LL_COPD,COPD,33291,2390.749137065584,210.106
GSM1149960,LT024952RU_COPD,COPD,33291,2323.407757558182,206.4839
GSM1149961,LT026458RL_COPD,COPD,33291,2975.68752040507,173.5695
GSM1149964,LT032411RU_COPD,COPD,33291,1868.6222855328965,163.62205
GSM1149965,LT032775RU_COPD,COPD,33291,2007.1722407537438,90.24347
GSM1149967,LT038075LL_COPD,COPD,33291,2973.905886713427,196.3373
GSM1149968,LT038591LU_COPD,COPD,33291,2831.422721221789,223.2085
GSM1149969,LT042988LU_COPD,COPD,33291,1380.4185226953866,92.95497
GSM1149972,LT046103LU_COPD,COPD,33291,1566.3191067039877,87.10526
GSM1149973,LT046180RU_COPD,COPD,33291,2222.4186320830586,162.8713
GSM1149978,LT050246RU_COPD,COPD,33291,1629.7859342422753,117.7544
GSM1149979,LT051568RU_COPD,COPD,33291,2217.061961788017,178.5844
GSM1149980,LT051993RU_COPD,COPD,33291,2802.3274197191663,259.996
GSM1149986,LT056627RU_COPD,COPD,33291,3425.462401803314,264.9525
GSM1149989,LT059224RL_COPD,COPD,33291,2436.656561292247,198.215257
GSM1149990,LT059865RU_COPD,COPD,33291,2339.7236837352466,215.9319
GSM1149991,LT060406RL_COPD,COPD,33291,2814.226936025197,250.98417999999998
GSM1149995,LT070021RU_COPD,COPD,33291,2264.216127232241,185.741915
GSM1150000,LT075917RU_COPD,COPD,33291,2529.8391335873625,237.52295
GSM1150002,LT079013RU_COPD,COPD,33291,2433.567098448731,196.6636
GSM1150003,LT081077RU_COPD,COPD,33291,2961.9049079199317,252.0363
GSM1150005,LT084831RU_COPD,COPD,33291,2506.3615872973955,211.43234999999999
GSM1150006,LT085240RU_COPD,COPD,33291,1635.9142727077676,121.0197
GSM1150007,LT086542RL_COPD,COPD,33291,2756.5719180296533,260.5583
GSM1150013,LT096554LU_COPD,COPD,33291,2131.5253432621507,159.2837
GSM1150016,LT100984RL_COPD,COPD,33291,3375.5040515863784,187.25341666666668
GSM1150020,LT106557LU_COPD,COPD,33291,2316.945330149191,206.3328
GSM1150025,LT110408RU_COPD,COPD,33291,2462.9425125057733,150.6355
GSM1150027,LT112339LI_COPD,COPD,33291,2517.129080466593,166.0972
GSM1150029,LT113077LL_COPD,COPD,33291,2516.125938012389,197.2146
GSM1150038,LT121841RU_COPD,COPD,33291,2761.8072396033444,237.6124
GSM1150043,LT123457RU_COPD,COPD,33291,2568.063523168927,237.7872
GSM1150044,LT125775RU_COPD,COPD,33291,1968.042562519893,153.7252
GSM1150045,LT126293RU_COPD,COPD,33291,2104.510398987097,199.919
GSM1150046,LT126571RU_COPD,COPD,33291,3168.4045299543423,241.2707
GSM1150047,LT127070RL_COPD,COPD,33291,2520.4380004396835,202.9752
GSM1150049,LT130350RU_COPD,COPD,33291,2243.781043616079,146.83342
GSM1150050,LT131432RU_COPD,COPD,33291,2190.960620218731,192.2256
GSM1150052,LT132625RU_COPD,COPD,33291,1965.1270369549427,145.3176
GSM1150059,LT144462RU_COPD,COPD,33291,2590.8992411187246,218.777
GSM1150060,LT145086RU_COPD,COPD,33291,1889.5921829771087,132.9201
GSM1150061,LT145162RM_COPD,COPD,33291,2674.5570096421684,268.1536
GSM1150062,LT147658RU_COPD,COPD,33291,3148.933570135575,241.4059
GSM1150063,LT150340LU_COPD,COPD,33291,2964.487545348878,234.82882
GSM1150064,LT150981RU_COPD,COPD,33291,2398.6163090561704,186.0142
GSM1150065,LT152979LL_COPD,COPD,33291,2395.874720675035,166.9307
GSM1150069,LT160089RU_COPD,COPD,33291,2601.872343383997,181.6016
GSM1150071,LT161707RU_COPD,COPD,33291,2591.3045767028284,178.8789
GSM1150074,LT166565RU_COPD,COPD,33291,2182.74632286717,124.0867
GSM1150077,LT169564RU_COPD,COPD,33291,2164.2930844608163,193.761685
GSM1150082,LT174536LU_COPD,COPD,33291,1492.272191850865,123.7145
GSM1150086,LT184347RU_COPD,COPD,33291,1944.0844280026513,167.20757
GSM1150093,LT193936RU_COPD,COPD,33291,2358.9963711889104,217.1149
GSM1150099,LT204017RL_COPD,COPD,33291,2658.414308101062,199.772
GSM1150102,LT206010LU_COPD,COPD,33291,3275.2448912407126,263.9598
GSM1150105,LT211728RU_COPD,COPD,33291,3003.127575811321,230.3978
GSM1150112,LT230267RU_COPD,COPD,33291,2234.563394073859,113.2939
GSM1150116,LT235584RU_COPD,COPD,33291,2833.110212534817,239.7523
GSM1150117,LT242420LU_COPD,COPD,33291,2166.110779961996,175.0021
GSM1150120,LT262496LU_COPD,COPD,33291,2404.5273174543345,180.8608
GSM1150123,LT265199LU_COPD,COPD,33291,3223.6437863532947,280.2493
GSM1150126,LT271679LU_COPD,COPD,33291,2102.7274028075185,164.4097
GSM1150127,LT271851LU_COPD,COPD,33291,2587.0634630019986,203.6483
GSM1150129,LT274443LU_COPD,COPD,33291,2248.7691327489215,157.1541
GSM1150131,LT277036RU_COPD,COPD,33291,2023.099995704454,177.8254
GSM1150133,LT282031RU_COPD,COPD,33291,3370.774963528876,278.262
GSM1150134,LT282467LL_COPD,COPD,33291,3262.027902774615,262.199065
GSM1150136,LT284144LU_COPD,COPD,33291,2010.1666563909741,169.2529
GSM1150138,LT291578RU_COPD,COPD,33291,2591.6212446470336,179.5555
GSM1150139,LT291673RM_COPD,COPD,33291,1793.834486509087,142.38240000000002
GSM1150140,LT294945LU_COPD,COPD,33291,2638.9542242320776,216.9657
GSM1150141,LT295167LU_COPD,COPD,33291,2136.580757381821,152.0388
GSM1150145,LT012861RU_COPD,COPD,36409,1839.0668132911255,82.08965
GSM1150147,LT030041RU_COPD,COPD,36409,1849.016513948298,138.3905
GSM1150162,LT155982RU_COPD,COPD,36409,1688.9877793040787,73.72858
GSM1150164,LT159988RL_COPD,COPD,36409,1760.161029705417,66.38895
GSM1150166,LT168204LL_COPD,COPD,36409,1900.011322740726,87.71495
GSM1150170,LT194990RU_COPD,COPD,36409,1359.8874880635185,46.827
GSM1150178,LT002501RL_COPD,COPD,36409,1864.5640150134398,92.8767025
GSM1150182,LT017275LL_COPD,COPD,36409,1859.6490688624688,75.404965
GSM1150184,LT020426LU_COPD,COPD,36409,1392.5257916248734,61.91133
GSM1150185,LT024106RU_COPD,COPD,36409,1906.548947129654,85.53802
GSM1150186,LT024460RU_COPD,COPD,36409,2359.1463346170226,125.9588
GSM1150187,LT025997RU_COPD,COPD,36409,1988.570258663183,53.74904
GSM1150188,LT028044RU_COPD,COPD,36409,1690.3490901036366,75.67179
GSM1150189,LT028427LU_COPD,COPD,36409,2819.896548670386,126.60294999999999
GSM1150190,LT030151RU_COPD,COPD,36409,2350.5251956061716,97.15408
GSM1150192,LT034070LU_COPD,COPD,36409,2319.3625604506856,91.82991
GSM1150193,LT034821RU_COPD,COPD,36409,2170.0260069656865,73.67081
GSM1150199,LT042552RL_ILD,COPD,36409,2086.144186951395,96.58471
GSM1150200,LT043343LU_COPD,COPD,36409,1921.0765259683803,86.47907
GSM1150201,LT043798LU_COPD,COPD,36409,1867.298494910115,95.4993
GSM1150203,LT057972LU_COPD,COPD,36409,2108.8479583571343,111.5553
GSM1150204,LT058691LU_COPD,COPD,36409,1675.2026977450942,70.1719
GSM1150206,LT059975LU_COPD,COPD,36409,1775.9849366620822,67.8956
GSM1150210,LT070403LL_COPD,COPD,36409,1816.3768333750647,73.31472
GSM1150211,LT072387LU_COPD,COPD,36409,1684.7186288373416,73.86206
GSM1150212,LT072808RL_COPD,COPD,36409,1889.675927562262,90.033265
GSM1150213,LT075462RU_COPD,COPD,36409,2118.8015466515562,91.66832
GSM1150214,LT076181LI_COPD,COPD,36409,1614.7491130951664,62.82948
GSM1150215,LT076617LL_COPD,COPD,36409,2085.0937604271176,113.0147
GSM1150220,LT080176RU_COPD,COPD,36409,1803.323053190225,71.17534
GSM1150223,LT083706RL_COPD,COPD,36409,2007.7458511429304,92.17948000000001
GSM1150224,LT083759RL_COPD,COPD,36409,1760.7811639848962,85.7506
GSM1150225,LT084406RU_COPD,COPD,36409,1763.6683163438202,83.85272
GSM1150226,LT084808LU_COPD,COPD,36409,1966.8778216807045,97.85686000000001
GSM1150228,LT089723LL_COPD,COPD,36409,1762.6202706506301,81.86824
GSM1150234,LT109231RU_COPD,COPD,36409,2061.7448339784287,90.33318181818181
GSM1150235,LT111643RU_COPD,COPD,36409,2149.587695569164,98.81702
GSM1150236,LT112563LL_COPD,COPD,36409,1718.213896544629,74.76385
GSM1150237,LT112597RU_COPD,COPD,36409,1889.7541234615735,84.55261
GSM1150238,LT113005RU_COPD,COPD,36409,1741.972364384929,70.0128
GSM1150239,LT115251RU_COPD,COPD,36409,2178.8740447162304,124.0681
GSM1150240,LT118064RL_COPD,COPD,36409,1962.8416893257865,108.4361
GSM1150242,LT122336LU_COPD,COPD,36409,3091.656142656753,151.0941
GSM1150243,LT126327LU_COPD,COPD,36409,1975.5462225481838,77.62913
GSM1150246,LT134719RU_COPD,COPD,36409,1419.2787129885473,56.68671
GSM1150248,LT136415RU_COPD,COPD,36409,2034.1205637566868,83.54563
GSM1150249,LT137832LU_COPD,COPD,36409,2188.3398530443983,114.4309
GSM1150250,LT138418LU_COPD,COPD,36409,1980.1583982355378,92.99061
GSM1150251,LT139051LU_COPD,COPD,36409,2239.9131900309108,96.28560333333333
GSM1150253,LT140046RU_COPD,COPD,36409,2128.7298452115965,97.44923
GSM1150254,LT140471RU_COPD,COPD,36409,2075.5477259419526,97.065485
GSM1150255,LT148377LU_COPD,COPD,36409,1826.816206730282,79.51521
GSM1150258,LT151920RL_COPD,COPD,36409,1893.384658841503,102.377
GSM1150261,LT152653LU_COPD,COPD,36409,1494.5893974469961,65.03429
GSM1150262,LT154785RU_COPD,COPD,36409,1904.2139895902944,79.34797
GSM1150263,LT156041LU_COPD,COPD,36409,1817.172967601108,81.06616000000001
GSM1150265,LT157177RU_COPD,COPD,36409,2012.3067243161652,92.42342
GSM1150266,LT158647RU_COPD,COPD,36409,1984.9527131404088,85.25867500000001
GSM1150268,LT162479RU_COPD,COPD,36409,2160.9211269434613,99.59637000000001
GSM1150269,LT163771RU_COPD,COPD,36409,1305.572522002062,56.93903
GSM1150272,LT168128RU_COPD,COPD,36409,1844.4353877368246,81.35622
GSM1150274,LT175949LL_COPD,COPD,36409,2116.487796433495,106.4509
GSM1150275,LT176562LL_COPD,COPD,36409,1813.8640945111517,110.1676
GSM1150276,LT177956LL_COPD,COPD,36409,1713.4052603230336,79.11956
GSM1150278,LT178929RL_COPD,COPD,36409,2354.9326302983795,116.9769
GSM1150279,LT178967RL_COPD,COPD,36409,2885.4453561954288,140.851675
GSM1150283,LT184772RL_COPD,COPD,36409,2594.499480430465,114.9137
GSM1150284,LT185970RL_COPD,COPD,36409,2036.9859233250895,103.6435
GSM1150285,LT186521RU_COPD,COPD,36409,2304.569229146188,115.5013
GSM1150288,LT190004RU_COPD,COPD,36409,2272.398604626448,88.30573
GSM1150290,LT192758RU_COPD,COPD,36409,2036.6732404368558,73.79488
GSM1150291,LT194473RU_COPD,COPD,36409,2028.411864306754,83.01323
GSM1150293,LT195871RU_COPD,COPD,36409,1844.7541844930397,89.26891
GSM1150294,LT197511LU_COPD,COPD,36409,1820.8917356987224,80.64807
GSM1150295,LT198062LL_COPD,COPD,36409,2350.5598226457473,103.8353
GSM1150296,LT198134LU_COPD,COPD,36409,2334.8760547608613,109.59644
GSM1150297,LT198612RL_COPD,COPD,36409,2096.1213371119325,98.96011
GSM1150298,LT199384RL_COPD,COPD,36409,2632.723482896754,101.8868
GSM1150300,LT203231RM_COPD,COPD,36409,1654.1350353879723,69.32443
GSM1150301,LT203541RU_COPD,COPD,36409,3041.5308100999023,139.5915
GSM1150303,LT208505LU_COPD,COPD,36409,1304.402003429879,52.01078
GSM1150304,LT208778RU_COPD,COPD,36409,2448.936300308709,110.2263
GSM1150305,LT210463LU_COPD,COPD,36409,1764.6762458391363,72.20733
GSM1150307,LT212777RU_COPD,COPD,36409,3024.379813394734,147.0723
GSM1150308,LT213352LU_COPD,COPD,36409,1678.7861989410121,69.14037
GSM1150309,LT213735RU_COPD,COPD,36409,2269.439357214967,107.4851
GSM1150311,LT216419RL_COPD,COPD,36409,2190.769225860586,102.131
GSM1150312,LT220968RU_COPD,COPD,36409,1868.6544055666457,82.04192
GSM1150315,LT230415RU_COPD,COPD,36409,1684.7753239379313,80.84314
GSM1150316,LT233620RU_COPD,COPD,36409,2418.4081505114364,97.960555
GSM1150318,LT238531RU_COPD,COPD,36409,1886.3577162395404,68.81908
GSM1150321,LT242119LU_COPD,COPD,36409,1836.5786619502724,83.1511
GSM1150331,LT242530RU_COPD,COPD,36409,1872.2326886227734,101.2126
GSM1150332,LT243058RU_COPD,COPD,36409,1740.4837286220254,74.86216
GSM1150334,LT244480LU_COPD,COPD,36409,1560.239144589426,61.4268
GSM1150336,LT245031LL_COPD,COPD,36409,2204.981647298394,102.8963
GSM1150338,LT245084RU_COPD,COPD,36409,2082.4781864712418,111.6942
GSM1150339,LT245840RL_COPD,COPD,36409,1943.0028322908972,95.66085
GSM1150341,LT246702RU_COPD,COPD,36409,1722.9402053602576,88.73465
GSM1150343,LT249917LL_COPD,COPD,36409,2276.929171197051,110.7873
GSM1150344,LT255244RU_COPD,COPD,36409,1799.5650664660309,86.42861
GSM1150346,LT255718RU_COPD,COPD,36409,2099.055245354777,104.5858
GSM1150349,LT257433RU_COPD,COPD,36409,1841.0760235963182,94.63469
GSM1150351,LT261141RU_COPD,COPD,36409,2108.29349916442,88.482845
GSM1150352,LT262371RM_COPD,COPD,36409,1666.2651983073015,70.013075
GSM1150353,LT263636RU_COPD,COPD,36409,2150.908986991506,93.49013
GSM1150357,LT270247RU_COPD,COPD,36409,1842.8226163377765,79.98364
GSM1150358,LT271100LU_COPD,COPD,36409,2122.9392611585663,99.827405
GSM1150359,LT273284LL_COPD,COPD,36409,1644.1447769339454,71.08919
GSM1150362,LT286056RU_COPD,COPD,36409,2119.0106139342374,86.08221
GSM1150364,LT298520RU_COPD,COPD,36409,2103.7145072017925,95.37564
GSM1150369,LT005419RU_COPD,COPD,36409,1957.6593627901063,99.52398
GSM1150383,LT024967LU_COPD,COPD,36409,1487.0936855848456,63.2969965
GSM1150388,LT037710RU_COPD,COPD,36409,1637.1271815274797,75.40329
GSM1150389,LT041389RL_COPD,COPD,36409,2306.8401658693865,102.7801
GSM1150393,LT053283RU_COPD,COPD,36409,2090.968398137778,108.3974
GSM1150396,LT060717LU_COPD,COPD,36409,1967.3391036457228,80.09623
GSM1150406,LT081498RL_COPD,COPD,36409,2098.9359521117217,86.886055
GSM1150408,LT083950RU_COPD,COPD,36409,2173.4983285625603,105.59159
GSM1150409,LT084038RM_COPD,COPD,36409,1430.1724864857267,64.93564
GSM1150414,LT095342LU_COPD,COPD,36409,1673.0774997247881,70.61893
GSM1150419,LT108067RU_COPD,COPD,36409,1776.1269163767463,72.30920499999999
GSM1150430,LT134121RU_COPD,COPD,36409,1601.4696219136952,65.00577
GSM1150434,LT139691RU_COPD,COPD,36409,1641.60317746796,72.20738
GSM1150437,LT144769RL_COPD,COPD,36409,1730.023654370886,81.66134
GSM1150450,LT165114RU_COPD,COPD,36409,1678.8388956969395,58.28446
GSM1150458,LT172093RL_COPD,COPD,36409,1981.8131625868107,88.74161000000001
GSM1150462,LT176510LU_COPD,COPD,36409,1751.7072393194808,77.70388
GSM1150464,LT184423LL_COPD,COPD,36409,2344.515898331214,112.866
GSM1150465,LT184901RL_COPD,COPD,36409,1723.4321087005446,83.42462
GSM1150476,LT196677RU_COPD,COPD,36409,2368.0889917673476,114.77575
GSM1150479,LT200930RL_COPD,COPD,36409,2259.373914156036,109.6923
GSM1150486,LT215341RU_COPD,COPD,36409,1998.8310715418106,70.55738500000001
GSM1150492,LT223106RU_COPD,COPD,36409,2220.636614670912,82.94007
GSM1150496,LT229669RU_COPD,COPD,36409,2339.58785229316,115.5438
GSM1150499,LT233821RL_COPD,COPD,36409,1520.0375889090462,153.6486
GSM1150502,LT234774LU_COPD,COPD,36409,1849.2499875702972,101.252825
GSM1150507,LT237439RU_COPD,COPD,36409,1566.2758694412605,82.564
GSM1150508,LT238765RL_COPD,COPD,36409,1901.1191315792923,80.86959
GSM1150512,LT244399LU_COPD,COPD,36409,1552.906012062473,67.51982
GSM1150514,LT245983LU_COPD,COPD,36409,1591.9320280788609,61.1646365
GSM1150520,LT249811RU_COPD,COPD,36409,1548.84088074762,79.19927
GSM1150523,LT253131RU_COPD,COPD,36409,2235.319377035154,106.126
GSM1150539,LT285906LL_COPD,COPD,36409,1887.1046609384962,93.55968
GSM1150544,LT291449RL_COPD,COPD,36409,2085.253158583467,93.0323
GSM1149948,LT000842RU_CTRL,Control,36409,1663.3971177831986,84.18842
GSM1149951,LT001796RU_CTRL,Control,36409,1561.1909778092277,71.96155
GSM1149955,LT009615LU_CTRL,Control,33291,1726.1542681122826,148.4681
GSM1149958,LT022835RL_CTRL,Control,36409,2281.04342871071,115.3584
GSM1149962,LT026501RL_CTRL,Control,36409,2720.518889247927,115.37458
GSM1149963,LT028264RL_CTRL,Control,36409,1949.2569329118219,101.70893000000001
GSM1149966,LT037781RU_CTRL,Control,36409,2312.4356602664507,124.0289
GSM1149970,LT045399RL_CTRL,Control,33291,1873.0091724445033,168.9213
GSM1149971,LT045714LU_CTRL,Control,36409,2103.02728927891,97.61256
GSM1149975,LT047679RL_CTRL,Control,36409,1683.7631478711432,85.15463
GSM1149981,LT052751LL_CTRL,Control,36409,2372.8359297044713,105.80953
GSM1149987,LT058471RU_CTRL,Control,36409,1524.9462294329182,54.50151
GSM1149988,LT058983RL_CTRL,Control,36409,1621.201561638507,80.72579
GSM1149992,LT061842RL_CTRL,Control,36409,1752.3500052014736,70.410775
GSM1149998,LT073345RU_CTRL,Control,36409,1715.549623983991,69.866035
GSM1149999,LT073436LU_CTRL,Control,33291,1523.1820494711883,128.0699
GSM1150001,LT077355RU_CTRL,Control,36409,1964.471556716482,83.67016
GSM1150012,LT095376RL_CTRL,Control,36409,2553.6164827736275,103.2511
GSM1150014,LT097622RU_CTRL,Control,36409,1756.1418629057202,91.79603
GSM1150017,LT104535RL_CTRL,Control,36409,2529.6841248196815,127.46012545454546
GSM1150022,LT106997RU_CTRL,Control,33291,2399.355755319615,207.1593
GSM1150030,LT113211RL_CTRL,Control,36409,2061.407316655348,92.79219
GSM1150031,LT115873LU_CTRL,Control,36409,1519.5705819382983,68.59184
GSM1150032,LT117785RL_CTRL,Control,36409,1637.6751455798903,75.24809
GSM1150037,LT121655RL_CTRL,Control,36409,2364.6214187876826,114.0435
GSM1150040,LT122283RM_CTRL,Control,36409,2168.538172996641,101.9982
GSM1150041,LT122757RU_CTRL,Control,36409,2049.6133369421973,165.801
GSM1150042,LT123313RM_CTRL,Control,33291,2360.258027390752,78.43199
GSM1150053,LT132955RU_CTRL,Control,36409,1873.4332169677587,92.684
GSM1150055,LT136731LU_CTRL,Control,36409,2358.048862566901,106.456
GSM1150070,LT160423LL_CTRL,Control,36409,2489.2839261485296,276.38774
GSM1150075,LT167208LL_CTRL,Control,36409,2028.7189557739564,88.67302
GSM1150078,LT171169LU_CTRL,Control,36409,2194.1608480198265,106.5734
GSM1150080,LT172184LU_CTRL,Control,36409,2193.9593621665226,89.56664
GSM1150081,LT174005RL_CTRL,Control,36409,1667.0970780663654,50.19668
GSM1150083,LT178986RU_CTRL,Control,33291,2852.8730432744646,252.053
GSM1150085,LT181242RM_CTRL,Control,36409,2169.451622179572,102.14737
GSM1150090,LT188012RL_CTRL,Control,36409,1838.391705902394,90.0418125
GSM1150092,LT191020LI_CTRL,Control,33291,2399.296581352105,179.4891
GSM1150095,LT200251RU_CTRL,Control,33291,2003.865026184915,169.5317
GSM1150107,LT218627LL_CTRL,Control,33291,1513.854247726658,133.3606
GSM1150109,LT220547RL_CTRL,Control,33291,2288.632648509699,171.610114
GSM1150113,LT230291LL_CTRL,Control,33291,2237.7780497131675,191.29190599999998
GSM1150114,LT230453LU_CTRL,Control,33291,1809.1034560930752,149.5602
GSM1150115,LT230745RM_CTRL,Control,33291,1949.9734896433536,173.1167
GSM1150124,LT265662LU_CTRL,Control,33291,2615.739747977755,204.0376
GSM1150128,LT272570RL_CTRL,Control,33291,2327.4045028166383,201.5564
GSM1150135,LT282562RM_CTRL,Control,33291,2405.3268933092577,177.4169
GSM1150137,LT290165RU_CTRL,Control,33291,2235.3967058407566,203.0725
GSM1150143,LT003990RU_CTRL,Control,36409,1755.7440656249094,77.25566
GSM1150144,LT010012LU_CTRL,Control,36409,1732.6590603324535,63.84296
GSM1150146,LT023631RU_CTRL,Control,36409,2033.08427493949,97.797065
GSM1150148,LT044225RL_CTRL,Control,36409,2243.1877778903045,91.266215
GSM1150149,LT046027RL_CTRL,Control,36409,1834.4600390104742,98.27567
GSM1150150,LT055745RU_CTRL,Control,36409,2206.6750963678996,92.20345
GSM1150151,LT058156LU_CTRL,Control,36409,1078.5020197782756,54.06034
GSM1150152,LT075094LU_CTRL,Control,36409,1879.6621041534434,78.82711
GSM1150153,LT077800RU_CTRL,Control,36409,2005.3520550211924,77.441755
GSM1150154,LT089451RU_CTRL,Control,36409,1608.0394391185496,79.3737
GSM1150156,LT115840LL_CTRL,Control,36409,1810.1833451338546,84.47938
GSM1150157,LT120371LL_CTRL,Control,36409,2071.830093594025,88.55134
GSM1150158,LT132314LI_CTRL,Control,36409,2558.491741879244,90.93029
GSM1150159,LT141224LL_CTRL,Control,36409,2230.9203621949478,103.34785
GSM1150160,LT141870LU_CTRL,Control,36409,1852.4857621813646,87.315193
GSM1150161,LT148286LL_CTRL,Control,36409,2012.5837448123864,98.02998
GSM1150165,LT163513RL_CTRL,Control,36409,1790.9670669031136,81.09243000000001
GSM1150167,LT177521RU_CTRL,Control,36409,1722.9618718681254,71.69644
GSM1150168,LT178307RU_CTRL,Control,36409,1741.7853520607732,72.77175
GSM1150171,LT198741LU_CTRL,Control,36409,1879.2441087348216,96.10451
GSM1150174,LT280560LU_CTRL,Control,36409,1853.4979968875182,76.45904
GSM1150175,LT280646RU_CTRL,Control,36409,2025.5687122300585,78.59469
GSM1150176,LT286300LU_CTRL,Control,36409,1823.2002185200795,74.653863
GSM1150373,LT013011LU_CTRL,Control,36409,2056.267070708223,98.06107
GSM1150376,LT017811RM_CTRL,Control,36409,2091.7137080112384,109.143
GSM1150381,LT022271LU_CTRL,Control,36409,1600.0874504785004,79.67077
GSM1150394,LT058319LU_CTRL,Control,36409,2239.0611719233375,112.25707
GSM1150402,LT078347LL_CTRL,Control,36409,1632.1645452247367,82.94728
GSM1150403,LT079487LL_CTRL,Control,36409,1693.3169672566291,73.20138
GSM1150405,LT081282RM_CTRL,Control,36409,2613.994927051342,132.4378
GSM1150413,LT093297LU_CTRL,Control,36409,1460.332968295239,67.366215
GSM1150417,LT102131RL_CTRL,Control,36409,1530.6823066233792,74.15527
GSM1150423,LT119682RL_CTRL,Control,36409,1780.3767470448192,89.248245
GSM1150433,LT139649RU_CTRL,Control,36409,2060.3022555401726,92.62249
GSM1150435,LT142159RU_CTRL,Control,36409,1620.5481017634286,52.5391
GSM1150438,LT145196LU_CTRL,Control,36409,1654.4293977371874,77.36557
GSM1150443,LT156171LL_CTRL,Control,36409,2380.9853873454745,98.95817
GSM1150444,LT156481LL_CTRL,Control,36409,1093.7244907443678,43.78951
GSM1150447,LT159753LL_CTRL,Control,36409,1918.4793755402884,89.55309
GSM1150452,LT166240RM_CTRL,Control,36409,1596.3099865184147,79.06505
GSM1150457,LT171097RL_CTRL,Control,36409,1493.942768173253,69.29708
GSM1150459,LT173597LL_CTRL,Control,36409,1981.3896872514017,86.81777500000001
GSM1150463,LT180102RL_CTRL,Control,36409,1815.0261983864139,81.24015
GSM1150468,LT190870RU_CTRL,Control,36409,1892.5981793723308,81.78325
GSM1150473,LT195484RU_CTRL,Control,36409,1483.3688486106225,73.85558
GSM1150478,LT197821RL_CTRL,Control,36409,1853.5538282495597,75.55736
GSM1150491,LT221983RM_CTRL,Control,36409,1744.095418894531,77.29363
GSM1150498,LT232107RU_CTRL,Control,36409,1896.849309245759,75.21098
GSM1150501,LT234755LL_CTRL,Control,36409,1862.461779999877,96.03795
GSM1150506,LT236557RL_CTRL,Control,36409,1293.3010915886764,60.51773
GSM1150509,LT241811LL_CTRL,Control,36409,1822.6575131190432,82.26907
GSM1150515,LT246349LU_CTRL,Control,36409,1878.7545305827311,84.26475500000001
GSM1150516,LT246774RM_CTRL,Control,36409,1670.0952108549,97.95548
GSM1150517,LT247728RL_CTRL,Control,36409,1834.1256126655246,99.0866
GSM1150526,LT256221LL_CTRL,Control,36409,1892.3579003814125,89.21855
GSM1150527,LT256920RU_CTRL,Control,36409,2259.927701664565,101.7419
GSM1150531,LT270821RU_CTRL,Control,36409,1961.680976451908,89.76267000000001
GSM1150537,LT285031LU_CTRL,Control,36409,1633.3593456518543,80.7025
GSM1150543,LT290677RU_CTRL,Control,36409,1900.5898677098528,87.42533
GSM1149950,LT001600RL_ILD,IPF,36409,1806.4395425626308,70.38503
GSM1149952,LT004173LL_ILD,IPF,36409,2597.342901379578,138.579
GSM1149959,LT024857LU_ILD,IPF,33291,1876.5764778874166,183.2582
GSM1149974,LT047521RL_ILD,IPF,33291,2220.521716569646,209.0731
GSM1149976,LT048637LL_ILD,IPF,33291,2083.802290370454,177.418
GSM1149977,LT049193LU_ILD,IPF,33291,2304.7632810746654,225.42866999999998
GSM1149984,LT056301LL_ILD,IPF,33291,2570.914652238576,265.85675000000003
GSM1149985,LT056464LL_ILD,IPF,36409,2155.9695872722764,125.7691
GSM1149993,LT063974LL_ILD,IPF,36409,2308.4680865782466,89.32696
GSM1149994,LT066309LL_ILD,IPF,33291,2379.380912678067,240.8361
GSM1149996,LT071706RL_ILD,IPF,36409,1973.2466596708452,84.19675
GSM1149997,LT072789RU_ILD,IPF,33291,2267.5823518176217,210.00288
GSM1150004,LT083491LU_ILD,IPF,33291,1953.2511283462165,182.5808
GSM1150008,LT089958RL_ILD,IPF,33291,1701.4689449481516,129.7919
GSM1150009,LT090283LL_ILD,IPF,33291,2216.9496781182615,205.5018
GSM1150010,LT092669LU_ILD,IPF,36409,1997.2785391150912,96.85669
GSM1150011,LT093665LI_ILD,IPF,33291,2369.710310280906,231.36295
GSM1150018,LT104717LL_ILD,IPF,33291,1975.0324599945652,159.57
GSM1150024,LT109321RL_ILD,IPF,33291,2416.288480412605,223.5997
GSM1150028,LT112491RM_ILD,IPF,33291,2018.6475846037358,199.5786
GSM1150036,LT121014LL_ILD,IPF,33291,2597.172184524134,232.7788
GSM1150048,LT128262RU_ILD,IPF,33291,2015.333527708392,174.1826
GSM1150051,LT131887LL_ILD,IPF,33291,2332.7731660273093,176.96823333333336
GSM1150054,LT133029RM_ILD,IPF,33291,2382.8457017522037,230.5726
GSM1150056,LT137431RL_ILD,IPF,36409,1744.7923925282685,82.17298
GSM1150058,LT142933RU_ILD,IPF,33291,2791.7367418196613,248.2938
GSM1150067,LT157253RL_ILD,IPF,36409,2055.2950632636744,109.615
GSM1150068,LT159457LL_ILD,IPF,33291,2556.270577844084,221.9997
GSM1150073,LT166493RM_ILD,IPF,33291,1943.7042784715,193.201
GSM1150076,LT168219RL_ILD,IPF,33291,2086.476395388908,153.1009
GSM1150079,LT171905RL_ILD,IPF,33291,2685.0955539686724,235.8074
GSM1150084,LT180758RM_ILD,IPF,33291,2252.1223990691465,210.6635
GSM1150088,LT185119LL_ILD,IPF,33291,2191.429310037759,162.7185
GSM1150089,LT187987LL_ILD,IPF,36409,1727.779850097507,85.76945
GSM1150094,LT195192RL_ILD,IPF,33291,1227.9925042534196,97.027145
GSM1150100,LT205601LL_ILD,IPF,36409,1644.4836161664152,83.4006
GSM1150104,LT211455LU_ILD,IPF,33291,1678.4838821556784,148.1642
GSM1150106,LT217339RL_ILD,IPF,33291,2135.026383740633,180.49035
GSM1150108,LT219681RL_ILD,IPF,33291,2511.1015991175127,229.9725
GSM1150111,LT230142RL_ILD,IPF,33291,1304.5188975194883,109.89775333333334
GSM1150118,LT250549RL_ILD,IPF,33291,1928.7871176348788,151.0902
GSM1150119,LT258372RL_ILD,IPF,36409,2293.1534456424915,119.9092
GSM1150121,LT263234RL_ILD,IPF,33291,2472.7037381676537,220.3335
GSM1150122,LT264690LU_ILD,IPF,36409,2240.213709768405,112.8695285
GSM1150125,LT269381RU_ILD,IPF,33291,3987.5359169642084,339.9507
GSM1150130,LT275526RU_ILD,IPF,33291,3232.235733260346,272.4407
GSM1150132,LT277772LL_ILD,IPF,33291,2270.78626623397,178.59222333333332
GSM1150142,LT296771LL_ILD,IPF,33291,2449.2401615727954,204.59287999999998
GSM1150169,LT188161LL_ILD,IPF,36409,1822.591599284637,89.96229
GSM1150173,LT231373LU_ILD,IPF,36409,1516.6987919416704,75.55009
GSM1150177,LT295133LL_ILD,IPF,36409,2302.8676774155647,107.0117
GSM1150179,LT002902RU_ILD,IPF,36409,1733.981007765262,88.41175
GSM1150183,LT020259LL_ILD,IPF,36409,1830.7920000647332,84.8073
GSM1150191,LT033422RL_ILD,IPF,36409,1597.3919838558022,88.32887
GSM1150196,LT039091RL_ILD,IPF,36409,2319.213187311473,92.804106
GSM1150197,LT041723RL_ILD,IPF,36409,1475.2197685566975,64.8477
GSM1150198,LT042151RL_ILD,IPF,36409,1614.1529553806968,91.42315
GSM1150207,LT061106RL_ILD,IPF,36409,1511.7166560365192,53.87743
GSM1150208,LT062141RL_ILD,IPF,36409,2320.6957767352724,119.3744
GSM1150209,LT067836RL_ILD,IPF,36409,1797.8122876619373,86.437375
GSM1150221,LT080836RL_ILD,IPF,36409,1699.8486585689834,75.55224933333334
GSM1150229,LT094217RM_ILD,IPF,36409,2505.7938760259535,139.2293
GSM1150231,LT098394RL_ILD,IPF,36409,2602.546148151444,125.8514
GSM1150232,LT100707RL_ILD,IPF,36409,1938.1816234050398,94.30170999999999
GSM1150233,LT103266RU_ILD,IPF,36409,1621.2914237859954,70.1962
GSM1150244,LT130861RU_ILD,IPF,36409,1899.3108006479663,95.92553
GSM1150245,LT134279LL_ILD,IPF,36409,2052.633233527944,99.941585
GSM1150247,LT134829RL_ILD,IPF,36409,2434.1704753856666,107.6058
GSM1150256,LT148511LU_ILD,IPF,36409,1726.9957178808731,90.13877
GSM1150260,LT152615RL_ILD,IPF,36409,2077.6481870339735,102.6367
GSM1150264,LT156276RL_ILD,IPF,36409,1975.353748744781,95.28207
GSM1150267,LT161434RL_ILD,IPF,36409,1961.694955668158,92.748705
GSM1150270,LT165736LL_ILD,IPF,36409,1899.6579987983987,100.1166
GSM1150277,LT178790LL_ILD,IPF,36409,1857.0656042323467,87.62479
GSM1150280,LT180781RL_ILD,IPF,36409,1700.7365162711255,83.99637
GSM1150281,LT182636RU_ILD,IPF,36409,1721.1977308661715,72.03276
GSM1150286,LT188524RL_ILD,IPF,36409,2010.1219556601582,92.15041
GSM1150302,LT206005RL_ILD,IPF,36409,1491.5764723926097,82.02289
GSM1150306,LT211379RL_ILD,IPF,36409,2042.7038469913846,108.96469
GSM1150313,LT223474RM_ILD,IPF,36409,2561.7038909188063,130.7732
GSM1150354,LT266802RL_ILD,IPF,36409,1378.4322125935123,62.9996
GSM1150355,LT268509LU_ILD,IPF,36409,1711.8905457306714,84.73713
GSM1150356,LT269763RL_ILD,IPF,33291,2022.292964080931,185.2893
GSM1150360,LT275856LL_ILD,IPF,33291,2051.595178443454,162.5123
GSM1150363,LT287158LU_ILD,IPF,36409,1859.7135087569843,89.5325
GSM1150365,LT000216LL_ILD,IPF,36409,1278.6905804276028,51.41568
GSM1150367,LT002410RM_ILD,IPF,36409,2003.901320111623,83.54487
GSM1150370,LT006946RM_ILD,IPF,36409,1888.0238123262623,92.76929
GSM1150372,LT012933RL_ILD,IPF,36409,1948.9201795832482,84.12584
GSM1150375,LT017533RM_ILD,IPF,36409,1748.347887689417,97.49162
GSM1150377,LT019699RL_ILD,IPF,36409,1728.591132332584,85.94487
GSM1150378,LT021461RM_ILD,IPF,36409,1728.922758047764,85.65063
GSM1150379,LT021748RL_ILD,IPF,36409,1933.3636640334937,91.482335
GSM1150380,LT022251RL_ILD,IPF,36409,2256.439383322365,102.1667
GSM1150382,LT022562LL_ILD,IPF,36409,2042.7921879799285,92.19037
GSM1150384,LT026534RL_ILD,IPF,36409,1855.2368803361499,85.2868
GSM1150385,LT030347RL_ILD,IPF,36409,1747.1279617385767,91.63604
GSM1150387,LT036383LL_ILD,IPF,36409,1603.9287486387436,71.64227
GSM1150390,LT046539RL_ILD,IPF,36409,1728.2158109889244,76.54423
GSM1150391,LT047152LL_ILD,IPF,36409,1611.2648378847623,68.32977
GSM1150392,LT050079RL_ILD,IPF,36409,1843.001599991511,96.17072
GSM1150395,LT059721LU_ILD,IPF,36409,1911.1967416780808,97.19816
GSM1150398,LT067200LU_ILD,IPF,36409,1706.6484847833685,77.82324
GSM1150399,LT069585RL_ILD,IPF,36409,1964.5859320272189,92.87202
GSM1150400,LT076421LL_ILD,IPF,36409,1988.1546786738663,113.7643
GSM1150401,LT077264RU_ILD,IPF,36409,1737.0148671754089,78.80716
GSM1150404,LT080750LL_ILD,IPF,36409,1909.2650501554235,99.96219
GSM1150410,LT087826LL_ILD,IPF,36409,2020.263745400105,88.47063
GSM1150412,LT091552LL_ILD,IPF,36409,1658.6833145368255,85.09190000000001
GSM1150415,LT099879RL_ILD,IPF,36409,1736.6507714470138,83.81022
GSM1150416,LT100821RL_ILD,IPF,36409,1899.5042356176668,89.52041
GSM1150418,LT102695LL_ILD,IPF,36409,2117.4513887838284,92.86987
GSM1150421,LT116004RL_ILD,IPF,36409,1743.5559052952192,76.74971
GSM1150424,LT123131RL_ILD,IPF,36409,1950.7919306703836,85.35144500000001
GSM1150425,LT123552RL_ILD,IPF,36409,1694.279648058277,83.45147
GSM1150426,LT124161RL_ILD,IPF,36409,1833.4646417124934,88.03986
GSM1150428,LT128191LL_ILD,IPF,36409,1740.3600736647163,81.99845
GSM1150429,LT130603LL_ILD,IPF,36409,1648.5885766364054,71.88169
GSM1150431,LT134776LL_ILD,IPF,36409,1894.4107486993682,84.076795
GSM1150432,LT135390LL_ILD,IPF,36409,2464.060574063819,128.95995
GSM1150436,LT143944LL_ILD,IPF,36409,1975.5570089961261,97.17562
GSM1150441,LT151513LL_ILD,IPF,36409,1293.8253884277235,58.308189999999996
GSM1150442,LT155318RL_ILD,IPF,36409,1541.697303716797,74.07882
GSM1150445,LT157856LU_ILD,IPF,36409,2108.498361088494,112.1115
GSM1150446,LT158795LL_ILD,IPF,36409,1726.2804575917132,81.00873
GSM1150448,LT162096RL_ILD,IPF,36409,1630.1978409783155,89.08468
GSM1150449,LT163384LL_ILD,IPF,36409,1575.6409685458832,69.323855
GSM1150451,LT166111RU_ILD,IPF,36409,2253.7924341811276,114.70126
GSM1150454,LT167906LL_ILD,IPF,36409,2564.1603202251868,124.3016
GSM1150460,LT173946RL_ILD,IPF,36409,1741.8828890034993,88.40904499999999
GSM1150461,LT175399RU_ILD,IPF,36409,1510.0503529286532,71.705675
GSM1150466,LT185396RL_ILD,IPF,36409,1433.3849645226603,66.4841
GSM1150467,LT186388LL_ILD,IPF,36409,1701.8973644595812,74.61677
GSM1150469,LT191618LU_ILD,IPF,36409,1260.343973415499,59.43137
GSM1150470,LT191675RL_ILD,IPF,36409,1750.9432720803864,84.50456
GSM1150475,LT196309RU_ILD,IPF,36409,1272.4319154697448,55.591965
GSM1150480,LT201348LL_ILD,IPF,36409,1741.682374453717,81.08916
GSM1150484,LT207073RU_ILD,IPF,36409,2567.005497041079,110.3563
GSM1150487,LT220661RL_ILD,IPF,36409,1637.5740368813874,83.25436
GSM1150488,LT221381RL_ILD,IPF,36409,2040.8565407722065,86.38325
GSM1150489,LT221687RM_ILD,IPF,36409,1190.9962517747215,47.17827
GSM1150490,LT221782LL_ILD,IPF,36409,1782.3684269164,97.39349
GSM1150495,LT228897LL_ILD,IPF,36409,1949.227211288511,90.849485
GSM1150497,LT232073LU_ILD,IPF,36409,1390.3001659956724,62.772175000000004
GSM1150503,LT235441RL_ILD,IPF,36409,2112.9665593551736,109.33664999999999
GSM1150504,LT236045LL_ILD,IPF,36409,1557.4890199571207,67.71214499999999
GSM1150510,LT242161RL_ILD,IPF,36409,1659.0968978924293,76.47323
GSM1150513,LT244824RU_ILD,IPF,36409,1355.111384958605,57.45713
GSM1150519,LT249481LU_ILD,IPF,36409,1761.1551493249071,84.37913
GSM1150525,LT253677RL_ILD,IPF,36409,1400.1834495383368,63.89259
GSM1150530,LT266817LL_ILD,IPF,36409,1758.2870087877548,77.064895
GSM1150532,LT277811RL_ILD,IPF,36409,1653.0395387775263,73.19992
GSM1150533,LT279828RU_ILD,IPF,36409,2044.6492263522684,97.09948
GSM1150534,LT280282RL_ILD,IPF,36409,2060.150357990065,106.6091
GSM1150535,LT280851LL_ILD,IPF,36409,1519.5563255657648,68.26132
GSM1150536,LT282601LL_ILD,IPF,36409,1920.6004004907777,87.34994
GSM1150541,LT287196LL_ILD,IPF,36409,1879.3722122337786,100.2834
GSM1150542,LT288719RL_ILD,IPF,36409,1954.6942152820186,88.210425
GSM1150545,LT295717RL_ILD,IPF,36409,2035.6856503825043,93.80688
GSM1150546,LT297451LU_ILD,IPF,36409,1255.9318323433145,57.827765
GSM1149957,LT013743LL_ILD,Other-ILD,33291,2232.402472993871,207.649
GSM1149982,LT055841LL_ILD,Other-ILD,33291,2092.3321896860557,193.1879
GSM1149983,LT056024RL_ILD,Other-ILD,33291,2404.123912868648,206.192
GSM1150015,LT100654RL_ILD,Other-ILD,33291,2580.846221695508,243.1092
GSM1150019,LT105618RL_ILD,Other-ILD,33291,2528.772142598153,219.1878
GSM1150021,LT106561LL_ILD,Other-ILD,33291,2549.998523437247,207.16025000000002
GSM1150023,LT107185RU_ILD,Other-ILD,33291,2172.2949586855366,195.8103
GSM1150026,LT111701RL_ILD,Other-ILD,33291,2390.721314444207,221.10213
GSM1150033,LT118098LU_ILD,Other-ILD,33291,2312.825454392675,204.3673
GSM1150034,LT118519RL_ILD,Other-ILD,33291,3395.080351672157,275.8041
GSM1150035,LT119300LU_ILD,Other-ILD,33291,2600.866345657052,247.2234
GSM1150039,LT121928RL_ILD,Other-ILD,33291,3513.505659162423,291.809915
GSM1150057,LT139008LU_ILD,Other-ILD,33291,2325.1908803477677,190.482675
GSM1150066,LT154455RU_ILD,Other-ILD,33291,2397.0895883855555,222.3168
GSM1150072,LT163657RL_ILD,Other-ILD,33291,2422.583966248128,227.13575
GSM1150087,LT185066RL_ILD,Other-ILD,33291,2011.2274906239131,171.61130500000002
GSM1150091,LT188510RM_ILD,Other-ILD,33291,2916.8629681202433,217.3420983333333
GSM1150096,LT203006LL_ILD,Other-ILD,33291,2030.498484823105,201.2057
GSM1150097,LT203431RL_ILD,Other-ILD,33291,2547.5303886299034,172.62694499999998
GSM1150098,LT203446LL_ILD,Other-ILD,33291,2240.886818687103,210.9214
GSM1150101,LT205707LL_ILD,Other-ILD,33291,2468.3489350726813,207.8838
GSM1150103,LT211015LL_ILD,Other-ILD,33291,2564.4000150082184,234.9072
GSM1150110,LT222702LL_ILD,Other-ILD,33291,1510.75566593588,126.8066
GSM1150155,LT109097LL_ILD,Other-ILD,36409,1811.0040496846161,80.41981
GSM1150163,LT158011LL_ILD,Other-ILD,36409,1531.7523458097578,51.99651
GSM1150172,LT231101RL_ILD,Other-ILD,36409,1400.164377853255,52.14721
GSM1150180,LT007259RU_ILD,Other-ILD,36409,2240.0691415646543,134.90494999999999
GSM1150181,LT008331RL_ILD,Other-ILD,36409,1874.3993416324174,82.5742425
GSM1150194,LT035239LU_ILD,Other-ILD,36409,1898.141341888374,102.263406
GSM1150195,LT035774RL_ILD,Other-ILD,36409,2026.3637151286232,89.89859
GSM1150202,LT057312LU_ILD,Other-ILD,36409,1692.0519321327756,80.2205
GSM1150205,LT059736LU_ILD,Other-ILD,36409,2043.8921044377114,87.79639
GSM1150216,LT077082RU_ILD,Other-ILD,36409,2409.233844066044,83.92977
GSM1150217,LT077317LI_ILD,Other-ILD,36409,1849.3795276032617,72.27319
GSM1150218,LT078404RM_ILD,Other-ILD,36409,2725.400300470784,142.223
GSM1150219,LT078696LU_ILD,Other-ILD,36409,1875.5177078624765,85.89781
GSM1150222,LT082092RU_ILD,Other-ILD,36409,1429.6306966049508,61.39901
GSM1150227,LT087663RL_ILD,Other-ILD,36409,1416.4929157846002,69.06048
GSM1150230,LT094532RL_ILD,Other-ILD,36409,2287.722920495356,104.195
GSM1150241,LT118801RL_ILD,Other-ILD,36409,2109.51934621761,91.95541
GSM1150252,LT139601RU_ILD,Other-ILD,36409,1960.235078394555,82.95516
GSM1150257,LT151255LL_ILD,Other-ILD,36409,2375.6131808730925,110.6583
GSM1150259,LT151949RL_ILD,Other-ILD,36409,1853.852344980818,105.3212625
GSM1150271,LT167064RL_ILD,Other-ILD,36409,1510.327732833928,64.34256
GSM1150273,LT170158LL_ILD,Other-ILD,36409,2075.672583476511,114.7055
GSM1150282,LT184241RL_ILD,Other-ILD,36409,2366.4976206242945,105.2883
GSM1150287,LT189721RL_ILD,Other-ILD,36409,2251.7274760809983,104.5641
GSM1150289,LT191087RM_ILD,Other-ILD,36409,2478.236856955331,121.55099999999999
GSM1150292,LT195188RL_ILD,Other-ILD,36409,2374.8645965116625,110.5124
GSM1150299,LT199987LU_ILD,Other-ILD,36409,2096.811232332191,94.3265
GSM1150310,LT214473RL_ILD,Other-ILD,36409,1683.8180463997676,72.91297
GSM1150314,LT228241RL_ILD,Other-ILD,36409,2216.5879361965726,107.41702000000001
GSM1150317,LT236710RL_ILD,Other-ILD,36409,2019.6914650252086,102.0759
GSM1150319,LT239116RL_ILD,Other-ILD,36409,2022.9406263140502,96.14968
GSM1150347,LT256532LL_ILD,Other-ILD,36409,1851.6878468136038,101.273225
GSM1150361,LT277002LL_ILD,Other-ILD,36409,2011.0597819851257,92.1878
GSM1150366,LT000379LU_ILD,Other-ILD,36409,1724.023358798672,69.11701500000001
GSM1150368,LT005256RL_ILD,Other-ILD,36409,1971.6530301633604,87.44204
GSM1150371,LT011501RL_ILD,Other-ILD,36409,2036.0050055055517,85.48149
GSM1150374,LT017495RL_ILD,Other-ILD,36409,2025.377833191587,85.977
GSM1150386,LT030662LL_ILD,Other-ILD,36409,1970.533947290842,100.973445
GSM1150397,LT062121LL_ILD,Other-ILD,36409,1645.5754919228937,76.47979
GSM1150407,LT082461RL_ILD,Other-ILD,36409,1955.2153073988648,103.7487
GSM1150411,LT090666LI_ILD,Other-ILD,36409,2007.9640319307964,101.5139
GSM1150420,LT111916LL_ILD,Other-ILD,36409,2540.2705631784493,97.79198
GSM1150422,LT118629RL_ILD,Other-ILD,36409,1903.3974126328446,88.43283
GSM1150427,LT126767LL_ILD,Other-ILD,36409,2303.269210764626,92.40937
GSM1150439,LT147610LL_ILD,Other-ILD,36409,1502.7460001442348,63.637552
GSM1150440,LT151370RL_ILD,Other-ILD,36409,2736.9797138447384,127.1973
GSM1150453,LT167891LU_ILD,Other-ILD,36409,1392.5711565858085,60.34477
GSM1150455,LT168094RL_ILD,Other-ILD,36409,1862.5081625353073,91.88860500000001
GSM1150456,LT168902RM_ILD,Other-ILD,36409,1778.2000358046814,82.11811
GSM1150471,LT195011RL_ILD,Other-ILD,36409,1621.6933241708296,75.33112
GSM1150472,LT195207LL_ILD,Other-ILD,36409,1837.7830109499153,74.802255
GSM1150474,LT195522RU_ILD,Other-ILD,36409,1881.68731489744,86.2363
GSM1150477,LT197381LI_ILD,Other-ILD,36409,1725.0324410299354,69.71209
GSM1150481,LT201831RU_ILD,Other-ILD,36409,2168.96878714995,105.13585
GSM1150482,LT204935LL_ILD,Other-ILD,36409,1335.5520772059115,54.48404
GSM1150483,LT206871LU_ILD,Other-ILD,36409,2020.1449680180422,103.316
GSM1150485,LT213606RL_ILD,Other-ILD,36409,2082.9023731124767,105.126325
GSM1150493,LT227135RL_ILD,Other-ILD,36409,1556.7109692612678,87.01318
GSM1150494,LT228772LL_ILD,Other-ILD,36409,2068.6982254334894,99.53219
GSM1150500,LT234205RL_ILD,Other-ILD,36409,2235.303684015602,100.8684
GSM1150505,LT236519LL_ILD,Other-ILD,36409,1687.8417244443624,83.45692
GSM1150511,LT243794RL_ILD,Other-ILD,36409,1911.9801611307385,88.52831
GSM1150518,LT248906LL_ILD,Other-ILD,36409,1900.3580671908212,87.76165
GSM1150521,LT251693LL_ILD,Other-ILD,36409,1655.0355621561232,79.4783
GSM1150522,LT251947LL_ILD,Other-ILD,36409,1420.7846374218693,66.15764
GSM1150524,LT253371RL_ILD,Other-ILD,36409,1810.8910915851254,71.71072000000001
GSM1150528,LT259072LU_ILD,Other-ILD,36409,1681.403173999556,79.00554
GSM1150529,LT264283RL_ILD,Other-ILD,36409,1954.2445708229086,82.95014
GSM1150538,LT285671LU_ILD,Other-ILD,36409,1606.293545059457,75.28191
GSM1150540,LT286644RL_ILD,Other-ILD,36409,1836.434151724899,99.45984
GSM1150547,LT299181LU_ILD,Other-ILD,36409,1949.2190502405333,85.7886425
